met,njets,nbjets,nnonbjets,top1mass,sumet,antikt8m0,antikt8m1,antikt12m0,antikt12m1,drbb,is_signal
608.7432250976562,2,8,6,-124.50682830810547,977.51904296875,147.19235229492188,67.22273254394531,338.1704406738281,0.0,2.288469076156616,1
515.6708374023438,2,6,4,-302.0386962890625,929.4098510742188,173.46905517578125,80.5693588256836,173.46905517578125,80.5693588256836,0.6793810725212097,1
568.1392822265625,2,11,9,159.59815979003906,1606.9422607421875,141.96412658691406,146.60206604003906,236.31166076660156,146.60206604003906,1.6853435039520264,1
1197.8841552734375,2,7,5,93.76875305175781,1748.0255126953125,144.15582275390625,273.8215637207031,144.15582275390625,273.8215637207031,2.2940659523010254,1
585.4175415039062,2,7,5,-312.1173095703125,1097.164794921875,191.2066192626953,162.69219970703125,191.2066192626953,162.69219970703125,1.7889682054519653,1
642.8744506835938,2,8,6,-289.3445739746094,850.755126953125,74.22974395751953,91.41722106933594,377.306884765625,0.0,2.119678258895874,1
698.423095703125,2,6,4,111.80735778808594,1231.301513671875,180.43968200683594,65.43214416503906,180.43968200683594,65.43214416503906,3.02156925201416,1
643.9993896484375,2,6,4,-418.2680969238281,995.4920043945312,170.66897583007812,73.27890014648438,170.66897583007812,138.24203491210938,2.5047643184661865,1
604.1636962890625,2,5,3,173.2035675048828,1229.9549560546875,193.16082763671875,84.51730346679688,193.16082763671875,84.51730346679688,0.49393993616104126,1
492.4170837402344,2,7,5,171.0638427734375,1465.48095703125,98.90274047851562,107.58080291748047,317.87335205078125,98.90274047851562,2.567488670349121,1
450.6686706542969,2,8,6,173.087158203125,1543.777099609375,168.4105682373047,107.07198333740234,168.4105682373047,107.07198333740234,0.7085527777671814,1
534.6566162109375,2,7,5,57.69208526611328,877.0179443359375,80.01470947265625,86.8885269165039,253.7182159423828,86.8885269165039,0.9094690680503845,1
636.0899047851562,2,7,5,138.29872131347656,1131.6165771484375,163.20266723632812,84.52674102783203,163.20266723632812,179.27293395996094,2.025428533554077,1
410.4114685058594,2,9,7,19.781475067138672,1214.5263671875,193.5393524169922,168.74107360839844,312.9326477050781,168.74107360839844,2.006138324737549,1
429.72222900390625,2,6,4,-381.40594482421875,902.5457763671875,173.91497802734375,86.36714172363281,173.91497802734375,86.36714172363281,2.6313366889953613,1
577.6968994140625,2,8,6,-391.32135009765625,870.055908203125,117.24476623535156,83.23455047607422,172.31182861328125,165.87936401367188,3.1117331981658936,1
487.4813232421875,2,7,5,167.27784729003906,861.3121948242188,135.84982299804688,81.23385620117188,384.8673095703125,0.0,2.2095084190368652,1
715.6822509765625,2,7,5,-223.768798828125,2596.804931640625,612.6480712890625,256.37481689453125,612.6480712890625,338.58734130859375,2.1916706562042236,1
522.4417114257812,2,7,5,168.41036987304688,1417.1224365234375,168.6582489013672,171.23936462402344,168.6582489013672,171.23936462402344,1.9332902431488037,1
481.3116760253906,2,6,4,-38.32304000854492,1011.1731567382812,199.1884002685547,76.46340942382812,199.1884002685547,107.24205780029297,2.230339765548706,1
435.638671875,2,7,5,-358.51849365234375,1257.68310546875,184.4177703857422,177.5409393310547,184.4177703857422,177.5409393310547,2.298835039138794,1
405.44610595703125,2,9,7,-29.926483154296875,774.814697265625,93.61431884765625,77.0972671508789,148.51995849609375,0.0,1.961968183517456,1
568.0880126953125,2,7,5,86.60841369628906,1126.7652587890625,128.77577209472656,96.26949310302734,128.77577209472656,96.26949310302734,0.7914088368415833,1
566.150146484375,2,5,3,-135.0835418701172,1158.7109375,146.5133056640625,64.09552001953125,146.5133056640625,114.99749755859375,2.457679510116577,1
709.3935546875,2,9,7,160.96456909179688,1358.9962158203125,113.72782897949219,92.06574249267578,372.10302734375,148.71742248535156,2.2289631366729736,1
826.3495483398438,2,7,5,-151.02603149414062,1346.0357666015625,189.05648803710938,159.11483764648438,562.9789428710938,30.691377639770508,1.2724109888076782,1
967.531494140625,2,9,7,170.19253540039062,1759.8177490234375,70.15735626220703,145.31761169433594,452.5665588378906,145.31761169433594,2.25288987159729,1
440.9699401855469,2,9,7,-427.5941467285156,1395.8387451171875,164.2139892578125,108.48682403564453,164.2139892578125,256.8241882324219,2.4182612895965576,1
553.596435546875,2,6,4,-210.79161071777344,1136.6678466796875,199.30706787109375,102.49324035644531,263.41156005859375,102.49324035644531,0.5594222545623779,1
473.6727294921875,2,10,8,173.1701202392578,1919.414794921875,243.72393798828125,134.4820098876953,396.04010009765625,326.7691650390625,2.5483551025390625,1
596.3655395507812,2,5,3,168.80203247070312,1321.6614990234375,125.6941909790039,83.21612548828125,125.6941909790039,130.01364135742188,2.5839157104492188,1
545.7291870117188,3,7,4,153.53590393066406,813.5994873046875,158.25796508789062,103.93840026855469,158.25796508789062,103.93840026855469,1.6116952896118164,1
460.3539123535156,2,8,6,-328.8760681152344,1131.4337158203125,252.49002075195312,72.4201431274414,252.49002075195312,72.4201431274414,1.0978137254714966,1
689.39013671875,2,9,7,142.8955535888672,1013.1683349609375,107.14110565185547,113.74813842773438,378.717529296875,0.0,0.6968056559562683,1
447.76300048828125,2,8,6,-577.0291137695312,1514.248779296875,156.5074005126953,109.06452178955078,156.5074005126953,109.06452178955078,2.063904285430908,1
408.3778381347656,2,7,5,-98.84178161621094,835.9263916015625,111.02825164794922,97.05228424072266,181.58316040039062,97.05228424072266,0.576684296131134,1
683.3939208984375,2,7,5,119.48390197753906,995.871337890625,139.04075622558594,121.97383880615234,259.1058654785156,139.04075622558594,0.9113767147064209,1
429.1845703125,2,7,5,-357.66168212890625,883.2828979492188,123.26248931884766,68.42242431640625,167.23855590820312,68.42242431640625,1.9859094619750977,1
412.9081115722656,2,8,6,-406.4920959472656,1159.6898193359375,102.08341979980469,81.41111755371094,185.2008056640625,81.41111755371094,2.463167905807495,1
483.3488464355469,2,9,7,151.289306640625,1271.7635498046875,141.30148315429688,140.0813446044922,518.0652465820312,23.229230880737305,0.7007125020027161,1
562.56640625,2,10,8,168.52496337890625,1276.630615234375,136.25259399414062,60.79570388793945,484.6861877441406,139.49295043945312,1.5580856800079346,1
424.201904296875,2,4,2,169.40658569335938,793.0175170898438,64.32030487060547,108.31021881103516,175.2366943359375,108.31021881103516,2.1887216567993164,1
663.919921875,2,6,4,164.2507781982422,1273.0732421875,278.5489196777344,194.77902221679688,278.5489196777344,194.77902221679688,2.5328292846679688,1
515.0886840820312,2,6,4,172.71450805664062,1609.49169921875,192.6736297607422,153.95339965820312,192.6736297607422,211.39768981933594,2.533689498901367,1
590.9048461914062,2,7,5,167.01376342773438,1047.301025390625,88.44927978515625,79.71662139892578,179.3797607421875,79.71662139892578,1.7734397649765015,1
452.3682861328125,2,5,3,171.22775268554688,989.3687744140625,167.9322052001953,78.81494140625,167.9322052001953,150.93402099609375,1.537011742591858,1
403.6708068847656,2,6,4,169.00265502929688,1069.5516357421875,172.71435546875,99.1705322265625,172.71435546875,175.51454162597656,0.9438374042510986,1
482.6458435058594,2,10,8,141.71749877929688,1253.61865234375,164.56533813476562,71.22664642333984,164.56533813476562,146.4385223388672,1.8049808740615845,1
407.7760925292969,2,7,5,162.450927734375,872.0410766601562,151.08697509765625,90.78296661376953,212.0492706298828,90.78296661376953,0.7610079050064087,1
769.9542236328125,2,8,6,-189.92909240722656,1112.1031494140625,133.84849548339844,63.441314697265625,204.34222412109375,84.01093292236328,1.810052752494812,1
505.27239990234375,2,6,4,86.37471771240234,794.8300170898438,103.3192367553711,98.4919662475586,404.2594909667969,0.0,0.7359793782234192,1
631.0143432617188,2,9,7,-422.9240417480469,1352.2298583984375,178.3417510986328,75.58199310302734,419.32525634765625,75.58199310302734,1.6776502132415771,1
567.589599609375,2,5,3,-140.49072265625,1182.8287353515625,138.3387451171875,76.77813720703125,138.3387451171875,170.13145446777344,2.7632997035980225,1
1126.872314453125,2,13,11,-73.48052215576172,3043.079833984375,67.15402221679688,197.4624786376953,538.7137451171875,277.8631286621094,2.199846029281616,1
974.1463012695312,2,6,4,131.9586639404297,1346.259521484375,186.7969970703125,136.68507385253906,605.6808471679688,44.072906494140625,2.5140812397003174,1
491.0577697753906,2,5,3,-222.74847412109375,691.4586181640625,71.50447082519531,80.96031951904297,135.8459014892578,82.98460388183594,2.572874069213867,1
557.1759033203125,2,9,7,-64.3663101196289,2015.633056640625,211.55764770507812,178.50254821777344,211.55764770507812,318.3598937988281,1.5763914585113525,1
1086.98486328125,2,7,5,-328.68682861328125,2211.959228515625,266.7458190917969,69.15418243408203,266.7458190917969,69.15418243408203,2.007256269454956,1
1005.9203491210938,3,5,2,167.62452697753906,1330.165771484375,68.8009033203125,114.15460968017578,344.7112121582031,0.0,1.764875054359436,1
764.5942993164062,2,7,5,169.38262939453125,1009.2374267578125,162.99374389648438,107.85591125488281,558.520263671875,0.0,0.7100268006324768,1
724.0994873046875,2,9,7,108.22637176513672,1153.3619384765625,130.32797241210938,67.3873291015625,356.9877014160156,0.0,1.8571152687072754,1
420.39239501953125,2,6,4,-184.22654724121094,1120.028076171875,188.0155029296875,75.90389251708984,188.0155029296875,75.90389251708984,2.2737348079681396,1
711.3584594726562,2,8,6,-313.372314453125,1171.552978515625,143.99842834472656,70.95779418945312,357.2128601074219,70.95779418945312,2.2974910736083984,1
454.3453063964844,2,7,5,137.7394561767578,1049.21435546875,138.94146728515625,75.422607421875,207.41864013671875,131.64645385742188,2.2189226150512695,1
528.9757080078125,2,7,5,37.23259353637695,1535.1214599609375,159.87258911132812,126.85369873046875,159.87258911132812,164.34207153320312,2.606170892715454,1
801.5877685546875,2,9,7,66.773193359375,1166.8350830078125,85.98792266845703,122.99644470214844,192.2712860107422,122.99644470214844,1.43599271774292,1
476.4653015136719,2,9,7,172.3374481201172,1262.1700439453125,108.56039428710938,79.72357940673828,310.090087890625,118.57174682617188,1.1548463106155396,1
566.300048828125,2,7,5,60.961570739746094,782.1968383789062,110.81385040283203,89.04708862304688,395.98101806640625,0.0,2.3760743141174316,1
419.9709777832031,2,8,6,-419.16082763671875,1357.400634765625,128.30520629882812,94.3820571899414,233.50588989257812,128.30520629882812,1.4417853355407715,1
448.87548828125,2,7,5,129.77305603027344,719.9419555664062,99.48648834228516,86.23602294921875,287.7398986816406,0.0,0.8809096217155457,1
547.3602905273438,2,6,4,-388.387451171875,1202.7154541015625,176.36497497558594,142.0023651123047,176.36497497558594,189.43421936035156,1.6512089967727661,1
657.9337158203125,2,6,4,154.11550903320312,1099.348388671875,241.6044464111328,64.30425262451172,241.6044464111328,64.30425262451172,0.8325762748718262,1
682.29052734375,2,6,4,160.82833862304688,1232.500732421875,171.67100524902344,66.25775146484375,171.67100524902344,66.25775146484375,0.4683034420013428,1
534.0170288085938,2,6,4,160.84494018554688,1051.265380859375,178.30654907226562,66.43758392333984,178.30654907226562,187.60775756835938,2.0205347537994385,1
574.1318359375,2,6,4,-155.6548309326172,990.5008544921875,141.90745544433594,167.5206756591797,141.90745544433594,167.5206756591797,1.519466757774353,1
645.4983520507812,2,6,4,171.783203125,1015.436767578125,222.7473602294922,94.46054077148438,222.7473602294922,94.46054077148438,1.6291468143463135,1
499.16851806640625,2,6,4,-62.381629943847656,1362.7669677734375,173.18426513671875,70.68748474121094,173.18426513671875,114.55339050292969,3.0069477558135986,1
731.9334106445312,2,9,7,-895.2537841796875,1351.3260498046875,200.04336547851562,92.2988052368164,236.1754608154297,129.9824676513672,1.2515058517456055,1
459.159912109375,2,6,4,165.78485107421875,1155.158203125,180.06826782226562,65.08228302001953,180.06826782226562,131.46644592285156,2.500044822692871,1
713.9763793945312,2,7,5,-881.705810546875,1385.2218017578125,237.41648864746094,71.23934173583984,327.9117126464844,166.0179443359375,3.2858335971832275,1
469.9830322265625,2,5,3,128.5,799.3450927734375,110.91567993164062,77.65228271484375,197.0478973388672,110.91567993164062,1.54158616065979,1
759.30078125,2,11,9,-460.75543212890625,1925.7578125,178.47979736328125,81.51140594482422,671.1626586914062,106.48368072509766,1.841839075088501,1
625.9640502929688,2,9,7,-50.429847717285156,1618.7943115234375,134.97012329101562,181.8437042236328,134.97012329101562,181.8437042236328,3.2464263439178467,1
680.3135986328125,2,8,6,-765.7450561523438,1260.900634765625,167.4398651123047,151.69300842285156,337.384765625,167.4398651123047,2.441807270050049,1
425.2297668457031,2,8,6,-25.097408294677734,1254.8087158203125,148.87948608398438,133.27914428710938,148.87948608398438,133.27914428710938,2.3590574264526367,1
558.95263671875,2,7,5,-194.94808959960938,1020.5558471679688,149.0309295654297,94.41371154785156,242.41539001464844,138.51312255859375,1.4456781148910522,1
590.7407836914062,2,6,4,134.02574157714844,1095.7576904296875,146.51625061035156,124.28890991210938,146.51625061035156,175.14395141601562,2.1861846446990967,1
503.5409240722656,2,4,2,-578.1857299804688,1172.6484375,176.50733947753906,120.63003540039062,176.50733947753906,120.63003540039062,2.4541611671447754,1
540.433349609375,2,9,7,147.0943145751953,1156.402099609375,143.30886840820312,97.79086303710938,202.57640075683594,97.79086303710938,1.8582860231399536,1
683.1141967773438,2,5,3,-227.90013122558594,1196.0472412109375,181.47450256347656,82.59142303466797,181.47450256347656,82.59142303466797,1.6443089246749878,1
628.484375,2,5,3,148.63291931152344,1150.499755859375,173.70672607421875,152.39581298828125,173.70672607421875,204.42527770996094,2.8258886337280273,1
407.71868896484375,2,9,7,-318.71551513671875,1358.827880859375,188.92605590820312,170.64134216308594,188.92605590820312,170.64134216308594,2.498978614807129,1
526.5299072265625,2,5,3,-588.4230346679688,1173.852294921875,176.59454345703125,132.2206268310547,176.59454345703125,205.92709350585938,2.1691792011260986,1
522.7371215820312,2,5,3,168.11514282226562,725.5267944335938,128.0968017578125,83.85031127929688,353.7804870605469,0.0,0.770042896270752,1
773.3810424804688,2,7,5,-134.5634765625,967.139892578125,172.5267333984375,78.56327056884766,269.73382568359375,78.56327056884766,1.24860680103302,1
829.4928588867188,2,7,5,-269.6885070800781,1489.1168212890625,137.55848693847656,72.40083312988281,431.7705993652344,157.67105102539062,2.2245936393737793,1
575.7798461914062,3,7,4,53.982215881347656,724.2774047851562,69.40323638916016,98.56456756591797,282.5927429199219,46.46879577636719,1.5381265878677368,1
496.05084228515625,2,8,6,110.95805358886719,1022.8638916015625,86.7996597290039,134.77655029296875,145.03277587890625,134.77655029296875,1.9299651384353638,1
569.9320068359375,2,11,9,-11.078975677490234,1301.5048828125,67.38045501708984,73.89651489257812,126.9188232421875,67.38045501708984,0.4692099392414093,1
662.3726806640625,2,11,9,127.3223876953125,1498.054443359375,198.6150360107422,121.7417221069336,497.6683654785156,349.0033264160156,1.023306965827942,1
456.7713623046875,2,9,7,169.85333251953125,1100.386474609375,173.23385620117188,86.88377380371094,173.23385620117188,86.88377380371094,1.6345915794372559,1
665.7976684570312,3,9,6,138.61883544921875,1501.6566162109375,155.0004425048828,146.33790588378906,155.0004425048828,146.33790588378906,1.1830297708511353,1
470.1347961425781,2,9,7,137.56195068359375,1146.694091796875,267.4148864746094,88.92298889160156,267.4148864746094,88.92298889160156,0.5845322012901306,1
461.945068359375,2,6,4,67.7713623046875,838.5125122070312,96.27599334716797,66.50650787353516,189.3194580078125,66.50650787353516,1.5538817644119263,1
669.6084594726562,2,7,5,161.02398681640625,1221.23876953125,134.01022338867188,75.71622467041016,434.9009704589844,75.71622467041016,1.1497843265533447,1
705.44189453125,2,7,5,-486.5204162597656,1005.8527221679688,128.6279296875,64.4622802734375,260.3984069824219,105.71928405761719,1.1763719320297241,1
526.3513793945312,2,8,6,171.0921630859375,1718.6265869140625,196.03167724609375,143.8678436279297,196.03167724609375,260.5843811035156,0.5246353149414062,1
521.414306640625,2,8,6,-622.3668212890625,1324.5509033203125,96.10769653320312,78.88307189941406,202.04600524902344,78.88307189941406,1.1283506155014038,1
1059.3851318359375,2,7,5,124.92576599121094,2113.683837890625,203.1258544921875,103.1695556640625,203.1258544921875,194.06797790527344,1.038590431213379,1
520.315673828125,2,7,5,-117.05286407470703,1115.5313720703125,157.6279754638672,76.40906524658203,286.7264099121094,76.40906524658203,1.950931191444397,1
412.2633361816406,2,5,3,-461.9653625488281,1404.5838623046875,161.29052734375,172.40835571289062,161.29052734375,172.40835571289062,3.219210624694824,1
559.8130493164062,2,10,8,-326.33514404296875,1274.4625244140625,151.0623779296875,70.26514434814453,151.0623779296875,144.85018920898438,2.271864891052246,1
795.142333984375,2,9,7,-425.5223693847656,1483.4052734375,114.10143280029297,155.49246215820312,501.4187927246094,155.49246215820312,1.174699068069458,1
748.9761352539062,2,6,4,154.58905029296875,988.3919067382812,157.00442504882812,134.80555725097656,536.0604858398438,0.0,1.2896209955215454,1
634.1500854492188,2,6,4,169.16281127929688,868.4769897460938,105.79948425292969,77.65513610839844,323.4547424316406,0.0,1.4982267618179321,1
1428.7264404296875,2,5,3,167.5701904296875,1744.502685546875,159.31698608398438,126.27508544921875,159.31698608398438,114.54947662353516,0.7558541893959045,1
808.6984252929688,2,9,7,157.29551696777344,1423.3223876953125,165.1049346923828,100.0074691772461,291.3782958984375,180.60659790039062,0.7187796831130981,1
526.0145874023438,2,8,6,173.1549072265625,1402.84521484375,179.7788848876953,92.4582290649414,179.7788848876953,160.3878936767578,0.7322053909301758,1
612.5692138671875,3,9,6,-240.2678985595703,1522.478515625,88.2184066772461,75.10955047607422,190.38265991210938,75.10955047607422,3.0533745288848877,1
426.5004577636719,2,6,4,-205.53939819335938,942.0006713867188,184.27059936523438,113.47220611572266,184.27059936523438,113.47220611572266,2.0283079147338867,1
558.227783203125,2,6,4,-143.8448944091797,1112.492431640625,107.1292724609375,88.35028076171875,287.53125,79.85994720458984,2.6771507263183594,1
533.0498046875,2,8,6,62.58259582519531,1238.587646484375,164.11097717285156,95.84902954101562,326.2501525878906,164.11097717285156,2.6537487506866455,1
423.8428649902344,2,6,4,163.40525817871094,970.0386352539062,97.43659973144531,109.16592407226562,172.2506561279297,109.16592407226562,0.9675734043121338,1
480.53826904296875,2,8,6,-392.82183837890625,1441.2908935546875,166.1013946533203,193.6051483154297,275.2602844238281,193.6051483154297,1.7819172143936157,1
455.1071472167969,2,8,6,-436.9977111816406,1327.4576416015625,86.92121887207031,85.31607055664062,272.6313171386719,86.92121887207031,2.317336320877075,1
476.4013366699219,2,7,5,26.186050415039062,818.7446899414062,111.39348602294922,89.92776489257812,173.25144958496094,89.92776489257812,1.0664222240447998,1
759.3525390625,2,8,6,-699.8073120117188,961.9226684570312,65.61958312988281,65.83523559570312,157.60694885253906,65.61958312988281,1.4651391506195068,1
483.7763366699219,2,5,3,155.83685302734375,1112.7769775390625,129.49513244628906,78.68251037597656,129.49513244628906,78.68251037597656,1.612887978553772,1
483.7935791015625,2,10,8,151.44776916503906,1020.8771362304688,128.59014892578125,62.49049377441406,390.80535888671875,0.0,1.1058073043823242,1
567.75927734375,2,5,3,173.1472930908203,1182.970947265625,168.60252380371094,118.38609313964844,168.60252380371094,152.8074188232422,1.9492765665054321,1
527.095703125,2,8,6,110.56570434570312,904.0805053710938,156.96905517578125,77.33830261230469,217.93666076660156,77.33830261230469,2.242807149887085,1
555.6970825195312,2,8,6,-908.623291015625,1413.8511962890625,181.43357849121094,103.12942504882812,181.43357849121094,250.47915649414062,1.4334454536437988,1
543.5111694335938,2,8,6,170.14784240722656,886.1514892578125,80.80027770996094,69.20701599121094,406.7331848144531,0.0,1.0179698467254639,1
451.5726318359375,2,7,5,146.95021057128906,1358.6357421875,163.18270874023438,100.09519958496094,163.18270874023438,100.09519958496094,1.9200842380523682,1
506.2389831542969,2,6,4,-280.2095031738281,755.835205078125,90.26103210449219,86.57315826416016,267.86279296875,0.0,1.966799259185791,1
430.6824645996094,2,6,4,76.47888946533203,807.06787109375,104.0624008178711,71.28125,218.70689392089844,71.28125,2.319990873336792,1
615.1017456054688,2,6,4,159.86471557617188,1067.1690673828125,252.8159637451172,79.54154968261719,252.8159637451172,79.54154968261719,0.7023372054100037,1
877.5691528320312,2,9,7,171.95721435546875,1424.2972412109375,199.29171752929688,74.0433349609375,242.9508819580078,74.0433349609375,2.3878700733184814,1
568.453125,2,6,4,137.29244995117188,962.3989868164062,96.64171600341797,70.80815124511719,365.7230529785156,0.0,1.0860618352890015,1
481.9791259765625,2,5,3,170.90011596679688,671.8195190429688,105.73811340332031,63.690643310546875,322.5789489746094,0.0,1.2673696279525757,1
470.89215087890625,2,10,8,-316.644287109375,1159.2257080078125,188.0023193359375,99.93938446044922,421.36810302734375,0.0,0.7015085816383362,1
729.8251342773438,2,9,7,-548.4639892578125,1345.418212890625,81.25627136230469,90.6614761352539,294.8293151855469,169.8058319091797,1.0023937225341797,1
488.8218994140625,2,6,4,-444.2901916503906,902.74853515625,120.15743255615234,126.49523162841797,202.4691925048828,126.49523162841797,0.7590855956077576,1
653.4622802734375,2,8,6,162.79034423828125,1255.81787109375,168.61253356933594,75.55855560302734,168.61253356933594,147.3664093017578,1.798776388168335,1
777.589599609375,2,7,5,172.80926513671875,1019.355712890625,124.52098083496094,75.67152404785156,124.52098083496094,75.67152404785156,1.3745003938674927,1
465.5187683105469,3,9,6,-234.2951202392578,1143.082763671875,137.5727081298828,72.81254577636719,381.43292236328125,72.81254577636719,2.1798720359802246,1
423.3585205078125,2,8,6,133.7266845703125,1108.027099609375,141.61358642578125,63.27487564086914,333.6239929199219,68.83177185058594,1.0795941352844238,1
640.1956787109375,2,7,5,151.7669677734375,853.2279663085938,99.20858764648438,77.8825912475586,247.7471923828125,93.0626220703125,1.459165096282959,1
570.1371459960938,2,7,5,164.4228515625,1339.1881103515625,215.29476928710938,164.16600036621094,215.29476928710938,164.16600036621094,2.228747844696045,1
644.4390869140625,2,7,5,-150.74656677246094,946.458984375,193.4059600830078,74.73799896240234,193.4059600830078,74.73799896240234,2.34334135055542,1
566.59716796875,2,7,5,-389.23779296875,864.251953125,162.57760620117188,76.21488952636719,162.57760620117188,76.21488952636719,1.0908582210540771,1
593.6497802734375,2,8,6,138.34835815429688,1226.578857421875,133.9429168701172,97.68606567382812,178.27874755859375,130.22996520996094,2.3041603565216064,1
598.5072631835938,3,10,7,73.68717956542969,2597.51904296875,352.1996154785156,75.60433197021484,582.0963134765625,498.5152893066406,0.8415188789367676,1
1232.5771484375,2,6,4,-171.15509033203125,1453.998779296875,220.0128173828125,88.97169494628906,365.9161376953125,88.97169494628906,1.4822324514389038,1
969.8062133789062,3,6,3,-420.64825439453125,1463.287841796875,174.80972290039062,117.02884674072266,174.80972290039062,117.02884674072266,1.5646840333938599,1
538.29541015625,2,5,3,-306.9041748046875,1075.6490478515625,181.89089965820312,176.6637725830078,181.89089965820312,176.6637725830078,1.690629243850708,1
1097.0576171875,2,10,8,75.58741760253906,1965.83837890625,213.7368927001953,86.27068328857422,213.7368927001953,192.01376342773438,1.8649932146072388,1
923.4813232421875,2,6,4,172.9132537841797,1816.5665283203125,86.13465118408203,107.30924224853516,669.501220703125,174.10433959960938,1.6614797115325928,1
420.40997314453125,2,5,3,-801.396728515625,704.0845336914062,83.91262817382812,62.05244064331055,245.80250549316406,0.0,1.0778284072875977,1
521.4854736328125,2,8,6,-370.5248107910156,1000.1285400390625,135.6752166748047,79.64089965820312,259.5678405761719,79.64089965820312,2.100017786026001,1
425.9986877441406,2,9,7,-410.7939147949219,1682.434814453125,187.40513610839844,144.76686096191406,347.8179626464844,207.95477294921875,2.375248432159424,1
612.5980834960938,2,11,9,112.7443618774414,1640.032470703125,146.06341552734375,161.62139892578125,290.66937255859375,277.4749450683594,2.828676223754883,1
507.4928283691406,2,6,4,172.13681030273438,1314.6749267578125,373.65325927734375,89.58609771728516,373.65325927734375,89.58609771728516,2.888925790786743,1
458.2688293457031,2,12,10,148.5697784423828,1470.145263671875,100.70220184326172,84.46424865722656,263.5378112792969,277.23748779296875,1.8603103160858154,1
490.7921447753906,2,8,6,102.15214538574219,914.12109375,73.1807632446289,78.91498565673828,149.36839294433594,145.5823516845703,1.4801667928695679,1
435.4245910644531,2,10,8,-217.8478546142578,1169.513427734375,92.29046630859375,155.21282958984375,225.3944854736328,155.21282958984375,1.4859933853149414,1
590.8185424804688,2,7,5,-67.93035888671875,996.0441284179688,157.55606079101562,84.39178466796875,279.9184265136719,84.39178466796875,1.1519017219543457,1
559.9736938476562,2,6,4,-138.26876831054688,1364.00732421875,95.92098999023438,119.85993957519531,199.43043518066406,119.85993957519531,2.888378143310547,1
413.78790283203125,2,7,5,-268.38128662109375,2516.870849609375,207.7220001220703,87.302978515625,397.0069274902344,87.302978515625,0.8760955333709717,1
605.4400634765625,2,6,4,-246.24761962890625,791.7762451171875,60.66719436645508,76.08708190917969,406.3829040527344,0.0,1.22867751121521,1
497.3808898925781,2,8,6,142.5132293701172,793.0419311523438,93.23279571533203,70.69580078125,344.5851745605469,0.0,1.7199848890304565,1
853.813232421875,2,6,4,170.96380615234375,1341.8529052734375,123.64810180664062,139.89846801757812,123.64810180664062,139.89846801757812,2.4525952339172363,1
492.2305908203125,2,6,4,-741.1904296875,934.3534545898438,82.99800872802734,98.48969268798828,158.21693420410156,182.19464111328125,1.2142268419265747,1
465.533447265625,2,6,4,107.40580749511719,1707.8753662109375,237.18792724609375,151.46722412109375,237.18792724609375,151.46722412109375,2.8374669551849365,1
414.2427062988281,2,10,8,163.22506713867188,1376.1356201171875,203.8224639892578,141.04733276367188,203.8224639892578,192.23023986816406,3.0561258792877197,1
611.0499267578125,2,5,3,-854.226806640625,1720.9847412109375,210.5730438232422,176.68434143066406,210.5730438232422,176.68434143066406,3.0361757278442383,1
448.1690673828125,2,6,4,-51.973819732666016,975.3302612304688,185.3340301513672,84.39549255371094,185.3340301513672,84.39549255371094,1.7905486822128296,1
487.3001403808594,2,6,4,-222.51661682128906,1015.255126953125,179.3052520751953,115.36770629882812,179.3052520751953,115.36770629882812,2.7129876613616943,1
516.0067749023438,2,6,4,-47.010990142822266,1790.382080078125,89.8446044921875,111.20158386230469,212.72537231445312,257.0811462402344,2.740339517593384,1
518.6520385742188,2,7,5,121.30255889892578,910.4054565429688,183.21775817871094,87.08572387695312,183.21775817871094,87.08572387695312,1.3853201866149902,1
536.4365844726562,2,6,4,132.96337890625,864.8192749023438,139.22007751464844,64.38859558105469,189.85650634765625,64.38859558105469,0.823225736618042,1
687.4555053710938,2,9,7,-249.46755981445312,1193.6312255859375,159.85336303710938,64.44115447998047,490.8813171386719,95.02698516845703,1.9003195762634277,1
582.6029052734375,2,7,5,132.54661560058594,1095.190185546875,119.56006622314453,62.851348876953125,171.04066467285156,62.851348876953125,2.0782129764556885,1
536.572265625,2,9,7,140.7319793701172,1163.7320556640625,134.9954833984375,67.66510772705078,194.9109344482422,98.99848175048828,1.947709083557129,1
488.0985412597656,2,7,5,-117.41753387451172,1583.2437744140625,228.9931182861328,88.87225341796875,228.9931182861328,88.87225341796875,0.8584848642349243,1
1010.7001953125,2,8,6,152.23069763183594,1800.7398681640625,159.09613037109375,134.1921844482422,159.09613037109375,344.9532470703125,2.8185524940490723,1
574.702392578125,2,8,6,114.3018798828125,1461.10791015625,144.41903686523438,156.70639038085938,144.41903686523438,156.70639038085938,2.5894124507904053,1
665.6585693359375,2,9,7,170.14080810546875,937.9277954101562,94.4203109741211,91.46704864501953,336.20806884765625,0.0,1.7302372455596924,1
436.4711608886719,2,10,8,-502.51220703125,1080.9232177734375,170.53501892089844,70.85517883300781,170.53501892089844,161.1402130126953,3.0234713554382324,1
598.0703735351562,2,5,3,-383.93084716796875,924.9226684570312,168.0745086669922,112.84513854980469,168.0745086669922,112.84513854980469,1.8888458013534546,1
628.7620849609375,2,8,6,-93.58672332763672,899.19384765625,108.11274719238281,99.05067443847656,166.64422607421875,99.05067443847656,0.7026796936988831,1
551.708251953125,2,9,7,157.3004913330078,1441.231689453125,162.3024139404297,104.39920806884766,162.3024139404297,204.16079711914062,2.679764747619629,1
667.0133666992188,2,9,7,-339.56561279296875,1520.2034912109375,74.56695556640625,79.31595611572266,236.52931213378906,79.31595611572266,2.732795000076294,1
705.426025390625,2,7,5,-487.894775390625,1533.8427734375,186.76785278320312,198.12469482421875,363.7887268066406,198.12469482421875,3.007497787475586,1
554.7308959960938,2,10,8,-320.8629455566406,1451.5479736328125,274.8474426269531,75.8518295288086,340.7022399902344,149.93251037597656,0.6574719548225403,1
486.0453796386719,2,9,7,169.4742431640625,1574.6070556640625,209.73793029785156,140.1598663330078,390.8382873535156,140.1598663330078,2.128458261489868,1
750.588134765625,2,9,7,-248.02334594726562,1837.0770263671875,172.19216918945312,69.7486801147461,172.19216918945312,437.7329406738281,1.3664519786834717,1
533.8980102539062,2,9,7,-258.12994384765625,1276.8472900390625,207.56056213378906,72.95379638671875,243.7694091796875,72.95379638671875,1.9271140098571777,1
423.5327453613281,2,7,5,-367.84796142578125,1087.753662109375,124.56769561767578,117.84288787841797,124.56769561767578,151.13955688476562,2.7837071418762207,1
538.0711059570312,2,6,4,173.07249450683594,915.2449340820312,65.62970733642578,61.81620788574219,353.165771484375,0.0,1.2114112377166748,1
652.3923950195312,2,10,8,167.57742309570312,1454.6807861328125,175.55368041992188,92.182861328125,409.1459045410156,92.182861328125,3.0953218936920166,1
523.7621459960938,2,6,4,10.741113662719727,1234.9036865234375,62.48967361450195,108.16009521484375,236.3693084716797,108.16009521484375,1.9152586460113525,1
436.1080627441406,2,7,5,-110.11503601074219,1168.4578857421875,157.4676513671875,99.96427917480469,157.4676513671875,156.52157592773438,2.46714186668396,1
508.8548889160156,2,9,7,169.93284606933594,1356.525146484375,257.54254150390625,69.2887191772461,358.2233581542969,69.2887191772461,1.4449942111968994,1
691.0458374023438,2,8,6,-234.75469970703125,1436.60546875,108.8467025756836,78.08990478515625,225.85211181640625,78.08990478515625,2.0036849975585938,1
805.208740234375,2,11,9,-61.564693450927734,1266.5025634765625,141.1938934326172,80.14078521728516,266.8841552734375,188.2669219970703,2.5568201541900635,1
1418.27001953125,2,10,8,-353.3500061035156,1782.412109375,240.93406677246094,161.3271942138672,647.2506713867188,84.67044830322266,1.849174976348877,1
625.3551025390625,2,8,6,173.02642822265625,1363.2318115234375,233.0253448486328,180.28677368164062,354.01177978515625,180.28677368164062,1.057125449180603,1
525.7092895507812,2,8,6,145.9418182373047,873.195068359375,181.33670043945312,88.12822723388672,181.33670043945312,126.19600677490234,2.2445902824401855,1
469.9821472167969,2,9,7,168.9144744873047,948.0653076171875,135.11083984375,62.01498031616211,158.44564819335938,186.92709350585938,0.49003398418426514,1
453.6217346191406,2,11,9,136.9569549560547,1160.2509765625,155.29258728027344,81.24420928955078,340.4787292480469,146.37371826171875,0.6079288721084595,1
439.5566101074219,2,8,6,-272.5299987792969,940.5615844726562,189.76988220214844,72.56804656982422,256.4666748046875,72.56804656982422,1.220530390739441,1
463.0776062011719,2,7,5,-692.5486450195312,970.6167602539062,170.05760192871094,93.50592041015625,266.61175537109375,93.50592041015625,2.5692992210388184,1
560.679443359375,2,7,5,-154.50303649902344,999.6621704101562,108.70072174072266,61.331260681152344,276.5375671386719,50.24268341064453,0.638233482837677,1
447.9396057128906,2,9,7,170.40023803710938,1084.4820556640625,202.8855438232422,89.50667572021484,202.8855438232422,191.14292907714844,2.4453437328338623,1
419.72283935546875,2,5,3,-517.7779541015625,867.4385986328125,179.7425994873047,75.61405181884766,179.7425994873047,75.61405181884766,1.9149205684661865,1
677.5067138671875,2,9,7,-330.7277526855469,1469.6302490234375,206.53282165527344,130.1702880859375,465.5176696777344,125.56752014160156,0.6777269244194031,1
436.9924621582031,2,7,5,82.56365203857422,1259.5494384765625,143.742919921875,105.5615005493164,143.742919921875,194.5083770751953,2.181980848312378,1
463.10260009765625,2,8,6,-475.11749267578125,1251.6314697265625,168.0753631591797,61.57923126220703,168.0753631591797,61.57923126220703,2.344978094100952,1
420.58233642578125,2,5,3,110.46580505371094,636.0643310546875,80.4662094116211,65.64456939697266,276.8511962890625,0.0,1.5458649396896362,1
481.0830078125,2,7,5,-496.86370849609375,1275.4488525390625,62.15373992919922,136.49053955078125,344.067626953125,225.80975341796875,2.2556660175323486,1
468.01666259765625,2,9,7,-632.2169799804688,1180.001953125,127.94776153564453,100.2768325805664,246.58584594726562,199.199951171875,3.239561080932617,1
409.1192626953125,2,6,4,173.20677185058594,927.7227783203125,75.88096618652344,64.76961517333984,207.6939239501953,90.66959381103516,1.2122886180877686,1
475.27191162109375,3,9,6,172.13502502441406,1456.1512451171875,87.7898178100586,148.97756958007812,167.63150024414062,148.97756958007812,3.3059325218200684,1
619.5825805664062,2,6,4,5.449314594268799,1207.1051025390625,185.16229248046875,62.10661697387695,266.7715148925781,62.10661697387695,1.2597459554672241,1
576.8250732421875,2,11,9,129.75868225097656,1929.6356201171875,156.36634826660156,154.94927978515625,248.68972778320312,154.94927978515625,1.3141249418258667,1
536.9136352539062,2,9,7,-347.7413024902344,1304.8079833984375,174.3184356689453,86.48322296142578,341.7541198730469,134.5841522216797,0.6923191547393799,1
641.2731323242188,2,6,4,-374.6485595703125,984.0017700195312,86.91990661621094,71.96250915527344,248.65045166015625,101.16748046875,1.3573428392410278,1
647.5244140625,2,6,4,-128.8193817138672,1095.4525146484375,189.5230712890625,63.027610778808594,189.5230712890625,171.8404083251953,1.4566349983215332,1
787.2769775390625,2,10,8,-86.66061401367188,996.0502319335938,103.592041015625,112.21253967285156,315.5964660644531,103.592041015625,2.325017213821411,1
658.0846557617188,2,12,10,-128.0716552734375,1256.4931640625,157.6217803955078,84.3429183959961,310.8764953613281,174.56187438964844,1.9107189178466797,1
608.482177734375,2,7,5,171.31561279296875,902.3682861328125,107.4197998046875,71.55740356445312,278.00787353515625,106.67498779296875,1.3115023374557495,1
531.927001953125,2,10,8,167.43853759765625,2374.00048828125,401.5147399902344,180.4487762451172,401.5147399902344,180.4487762451172,2.8394436836242676,1
847.7162475585938,2,9,7,-465.0550842285156,1369.875732421875,74.65290832519531,160.5488739013672,253.01727294921875,160.5488739013672,1.831216812133789,1
465.4176940917969,2,8,6,141.3045654296875,1113.6016845703125,154.64479064941406,99.96068572998047,154.64479064941406,99.96068572998047,2.2226943969726562,1
805.0884399414062,2,6,4,-470.5019836425781,1204.946044921875,299.54034423828125,93.6739273071289,299.54034423828125,93.6739273071289,1.60903000831604,1
468.6534423828125,2,6,4,-142.57720947265625,1091.470703125,79.3599853515625,105.91729736328125,180.634765625,105.91729736328125,3.318455457687378,1
648.2250366210938,2,9,7,-318.9989929199219,1301.693603515625,168.08807373046875,60.04750442504883,421.6757507324219,119.56950378417969,2.365142583847046,1
460.18707275390625,4,6,2,-455.5848083496094,1295.8233642578125,139.41505432128906,83.14000701904297,139.41505432128906,162.17990112304688,2.466120719909668,1
453.3392028808594,2,8,6,151.55711364746094,1356.2320556640625,216.65576171875,180.67161560058594,216.65576171875,238.84088134765625,2.5231363773345947,1
526.7540283203125,2,10,8,-253.66229248046875,1169.11669921875,94.07565307617188,85.4642105102539,385.9550476074219,140.86016845703125,2.9385788440704346,1
700.556884765625,2,8,6,127.49730682373047,1154.2529296875,191.59181213378906,84.52503204345703,270.60760498046875,98.91632080078125,0.8852481842041016,1
531.4578247070312,3,6,3,150.51585388183594,1295.4730224609375,162.54269409179688,168.4988250732422,162.54269409179688,168.4988250732422,0.6266441941261292,1
577.8956298828125,2,7,5,125.05597686767578,1174.7999267578125,244.64190673828125,82.66584014892578,244.64190673828125,82.66584014892578,2.709627389907837,1
762.0108642578125,2,8,6,-824.2792358398438,1064.39306640625,160.45831298828125,112.39436340332031,160.45831298828125,209.1824951171875,1.15567946434021,1
650.005126953125,2,9,7,172.93653869628906,1337.81494140625,166.86801147460938,98.72346496582031,354.8788757324219,0.0,1.8724790811538696,1
779.9385986328125,2,8,6,-252.3441619873047,1217.904541015625,189.001708984375,101.33638000488281,409.00531005859375,0.0,0.7731506824493408,1
447.7398986816406,2,7,5,84.1627426147461,1179.9288330078125,122.3578872680664,83.8482894897461,122.3578872680664,83.8482894897461,1.8566689491271973,1
450.9993591308594,2,7,5,169.12559509277344,1118.3199462890625,149.34588623046875,122.32228088378906,149.34588623046875,181.72369384765625,1.97883939743042,1
460.111572265625,2,6,4,-204.03228759765625,827.661865234375,76.8038558959961,77.20206451416016,172.65142822265625,77.20206451416016,1.436887502670288,1
714.7343139648438,2,5,3,155.90499877929688,1020.4837036132812,103.7729263305664,135.76487731933594,168.38153076171875,135.76487731933594,0.7869006395339966,1
432.9969482421875,3,9,6,148.3453369140625,998.5836791992188,80.9429931640625,68.86833190917969,298.9217834472656,68.86833190917969,2.4475197792053223,1
639.3885498046875,2,5,3,-102.41488647460938,1023.65478515625,132.1508026123047,71.55339813232422,132.1508026123047,104.26403045654297,2.4309957027435303,1
675.4915161132812,2,7,5,-407.9842834472656,1311.1572265625,137.4470672607422,75.09521484375,137.4470672607422,136.0110626220703,1.7431848049163818,1
560.1932373046875,2,5,3,-80.21051788330078,766.0768432617188,165.2461700439453,110.98446655273438,508.8621520996094,0.0,1.0020695924758911,1
524.2039184570312,2,6,4,116.63953399658203,1164.7618408203125,186.5142822265625,68.03085327148438,186.5142822265625,68.03085327148438,0.7687991857528687,1
698.000732421875,3,8,5,-300.12420654296875,1135.845947265625,200.38267517089844,120.30857849121094,297.5493469238281,120.30857849121094,0.6990439891815186,1
414.004150390625,2,7,5,172.5924835205078,992.09912109375,157.5950469970703,104.72666931152344,157.5950469970703,104.72666931152344,2.729060649871826,1
529.4843139648438,2,5,3,172.50302124023438,1488.083251953125,164.41893005371094,106.20259094238281,447.16162109375,106.20259094238281,2.476188898086548,1
477.4457092285156,3,10,7,165.2141571044922,1204.1336669921875,92.40560150146484,86.25382995605469,348.1144714355469,92.40560150146484,1.1361455917358398,1
722.1369018554688,2,5,3,-702.5855712890625,898.9593505859375,127.17655944824219,97.3764419555664,275.9132080078125,0.0,1.3180562257766724,1
508.5218505859375,2,9,7,-83.80734252929688,1154.4925537109375,155.3494415283203,87.50019836425781,155.3494415283203,195.6624755859375,1.5113780498504639,1
562.4441528320312,2,9,7,-163.9635772705078,1123.585693359375,71.68415832519531,89.33889770507812,156.86778259277344,89.33889770507812,3.335587501525879,1
472.4713439941406,2,7,5,171.0475616455078,865.8010864257812,107.94686126708984,97.88520050048828,157.58798217773438,157.25619506835938,1.7182152271270752,1
518.0411987304688,2,9,7,91.26356506347656,1328.0482177734375,124.35328674316406,121.33007049560547,124.35328674316406,145.670166015625,2.8599417209625244,1
504.8121337890625,2,6,4,-58.75852584838867,1520.949951171875,145.98532104492188,117.6808853149414,145.98532104492188,149.9390106201172,3.1239147186279297,1
838.0249633789062,2,6,4,-92.58570098876953,1046.15380859375,105.71598815917969,84.48296356201172,235.8405303955078,84.48296356201172,1.763257622718811,1
606.4518432617188,2,6,4,92.85221099853516,992.5888061523438,198.852294921875,60.35974884033203,276.0471496582031,0.0,0.6464913487434387,1
836.6268310546875,2,8,6,138.69398498535156,1352.86572265625,79.65438079833984,92.20907592773438,254.6207733154297,92.20907592773438,1.0323193073272705,1
409.9130554199219,3,12,9,-403.9149475097656,1580.4158935546875,142.72691345214844,165.07763671875,329.7639465332031,210.0764617919922,3.3516156673431396,1
497.4854431152344,2,8,6,126.99787902832031,1718.1744384765625,268.8145751953125,167.9762420654297,268.8145751953125,167.9762420654297,2.707371473312378,1
573.424560546875,2,4,2,-1870.7386474609375,1614.311279296875,269.621337890625,78.64300537109375,269.621337890625,78.64300537109375,2.9814581871032715,1
560.2407836914062,2,5,3,-205.10302734375,716.0657958984375,79.91162109375,96.2790756225586,485.5151672363281,0.0,1.6438034772872925,1
531.0374755859375,2,6,4,-128.7643280029297,1009.3308715820312,85.70894622802734,66.9618148803711,246.37474060058594,0.0,1.358858585357666,1
514.4862670898438,2,9,7,-539.3989868164062,1909.24560546875,178.06224060058594,94.84219360351562,514.5060424804688,146.07801818847656,2.567723512649536,1
444.2684326171875,2,6,4,162.05032348632812,1083.2725830078125,161.51971435546875,189.69070434570312,161.51971435546875,189.69070434570312,2.056166410446167,1
602.1299438476562,2,7,5,-522.0596923828125,1069.1553955078125,88.29612731933594,68.6366958618164,322.43035888671875,16.754819869995117,1.8673882484436035,1
654.1337890625,2,7,5,160.3964080810547,1332.74951171875,254.34188842773438,85.17726135253906,254.34188842773438,179.3940887451172,1.8149579763412476,1
436.5003967285156,2,7,5,158.06130981445312,1285.98779296875,206.94581604003906,94.92835235595703,206.94581604003906,152.13978576660156,3.0229225158691406,1
425.8076477050781,2,7,5,-182.0631866455078,992.2039184570312,159.7161407470703,80.79950714111328,159.7161407470703,177.89608764648438,1.7984473705291748,1
453.89569091796875,2,9,7,133.94203186035156,1353.450439453125,91.87552642822266,102.5903549194336,358.4896240234375,102.5903549194336,1.629300594329834,1
436.0919189453125,2,6,4,120.15059661865234,1561.0379638671875,185.8316192626953,170.3065643310547,185.8316192626953,170.3065643310547,2.313898801803589,1
