met,njets,nbjets,nnonbjets,top1mass,sumet,antikt8m0,antikt8m1,antikt12m0,antikt12m1,drbb
563.1998291015625,2,7,5,-89.47721862792969,1027.2249755859375,138.32215881347656,99.3803482055664,138.32215881347656,99.3803482055664,1.6332494020462036,0
604.0118408203125,2,7,5,-376.3514709472656,1132.7933349609375,75.43048095703125,92.88265228271484,182.21844482421875,92.88265228271484,1.445033311843872,0
409.265869140625,2,5,3,163.0098419189453,1079.5909423828125,156.62216186523438,72.13861846923828,156.62216186523438,72.13861846923828,0.5649322867393494,0
571.6690673828125,2,8,6,96.7254409790039,1029.83642578125,146.3231201171875,77.01258087158203,146.3231201171875,77.01258087158203,1.9135499000549316,0
628.8041381835938,2,6,4,94.9738998413086,2037.4144287109375,271.2015075683594,77.64580535888672,271.2015075683594,77.64580535888672,0.6071318984031677,0
757.418701171875,3,15,12,-163.20037841796875,2774.859375,335.54052734375,121.26057434082031,500.8138122558594,121.26057434082031,0.9608628749847412,0
820.230712890625,2,6,4,171.96176147460938,1947.822021484375,331.5608825683594,77.64594268798828,442.4819641113281,77.64594268798828,2.2897043228149414,0
438.86895751953125,2,8,6,-527.1332397460938,1675.44580078125,85.82584381103516,97.14164733886719,405.7242126464844,237.97950744628906,1.432830572128296,0
807.8435668945312,2,5,3,-271.77252197265625,1499.7769775390625,201.36895751953125,85.14097595214844,201.36895751953125,85.14097595214844,0.5136478543281555,0
476.0148620605469,2,7,5,-12.112011909484863,1566.9481201171875,123.22006225585938,186.88279724121094,533.6813354492188,186.88279724121094,1.3601030111312866,0
461.5061950683594,2,9,7,165.27903747558594,1775.1116943359375,415.8228759765625,62.9327392578125,415.8228759765625,62.9327392578125,0.9785543084144592,0
519.3911743164062,2,8,6,157.5855712890625,1553.9310302734375,95.4084243774414,93.23170471191406,382.5233154296875,72.3277816772461,0.4849551022052765,0
690.9846801757812,2,5,3,160.29837036132812,1303.6575927734375,176.3073272705078,126.68885040283203,176.3073272705078,126.68885040283203,2.2310948371887207,0
417.77484130859375,2,10,8,143.62611389160156,2510.163330078125,273.10650634765625,93.49864196777344,716.412353515625,93.49864196777344,0.6867579221725464,0
444.0003967285156,2,8,6,-353.3651123046875,1829.40576171875,272.6325378417969,75.06047821044922,272.6325378417969,75.06047821044922,3.471693515777588,0
552.0584106445312,2,10,8,104.5864028930664,1662.177490234375,160.5624542236328,148.63430786132812,199.82139587402344,160.5624542236328,0.7200698256492615,0
598.8460693359375,2,13,11,-491.18536376953125,2047.5736083984375,100.5747299194336,145.8964385986328,255.88865661621094,354.46856689453125,3.1734516620635986,0
542.0918579101562,2,6,4,162.32498168945312,1274.7347412109375,125.76982879638672,135.76380920410156,125.76982879638672,135.76380920410156,1.0350850820541382,0
594.608642578125,2,5,3,-117.01152801513672,1168.795166015625,175.330810546875,85.811767578125,175.330810546875,85.811767578125,0.6199696660041809,0
404.6192932128906,2,7,5,172.2307586669922,1561.208740234375,159.32310485839844,128.57469177246094,373.5516662597656,128.57469177246094,0.7781726121902466,0
405.82470703125,2,5,3,-759.20166015625,1662.8177490234375,293.0845947265625,74.34815216064453,293.0845947265625,74.34815216064453,1.91917085647583,0
449.3263854980469,2,6,4,160.72689819335938,1571.009033203125,132.85244750976562,128.73223876953125,132.85244750976562,128.73223876953125,0.5872690677642822,0
461.533935546875,2,6,4,170.7814178466797,1951.0068359375,229.80775451660156,117.7936782836914,229.80775451660156,437.69586181640625,1.0567060708999634,0
527.5392456054688,2,5,3,171.57693481445312,1256.1466064453125,135.6563720703125,106.99403381347656,135.6563720703125,106.99403381347656,0.6051876544952393,0
516.0069580078125,2,7,5,102.11589813232422,1192.0245361328125,144.54978942871094,114.76580047607422,144.54978942871094,114.76580047607422,0.4502928555011749,0
483.9974060058594,2,6,4,163.2658233642578,1477.9263916015625,242.71217346191406,62.306968688964844,242.71217346191406,62.306968688964844,0.6142802238464355,0
449.8331298828125,2,5,3,-81.8360366821289,1613.6890869140625,134.6147003173828,73.77177429199219,151.00904846191406,134.6147003173828,0.42754629254341125,0
876.4283447265625,2,5,3,-303.1242980957031,1139.6153564453125,64.43106079101562,77.298583984375,457.6698303222656,0.0,0.44185125827789307,0
523.8179321289062,2,4,2,-541.1268920898438,2489.961669921875,388.354736328125,167.1453094482422,388.354736328125,167.1453094482422,3.1752514839172363,0
408.883056640625,2,4,2,-551.8478393554688,1269.945556640625,172.6419219970703,72.9670639038086,172.6419219970703,72.9670639038086,0.9139504432678223,0
502.4095153808594,2,6,4,-303.3842468261719,1527.2933349609375,135.77586364746094,75.71170806884766,135.77586364746094,75.71170806884766,0.5586953163146973,0
637.7064208984375,2,5,3,-781.34765625,1467.8310546875,169.32460021972656,108.47571563720703,169.32460021972656,108.47571563720703,0.7175008058547974,0
626.2516479492188,2,6,4,168.3389434814453,2281.89697265625,366.2032470703125,223.30665588378906,366.2032470703125,223.30665588378906,2.470224618911743,0
538.5646362304688,2,5,3,136.6500244140625,1621.624267578125,200.17076110839844,192.215576171875,200.17076110839844,192.215576171875,0.4694778025150299,0
443.5028076171875,2,5,3,148.6295623779297,1927.3353271484375,151.29920959472656,89.83186340332031,455.48931884765625,214.9841766357422,3.037043809890747,0
428.5289611816406,2,7,5,130.68014526367188,1838.7861328125,167.53195190429688,308.6876220703125,377.9743347167969,308.6876220703125,0.6132974624633789,0
420.3241271972656,2,5,3,-1169.4979248046875,1589.0699462890625,190.00494384765625,69.18862915039062,190.00494384765625,69.18862915039062,0.5167213678359985,0
784.318115234375,2,9,7,-631.7597045898438,2005.978759765625,168.67884826660156,129.9964141845703,168.67884826660156,207.91831970214844,3.5754008293151855,0
687.6732177734375,2,8,6,171.23892211914062,1450.2945556640625,122.28672790527344,124.57856750488281,417.24920654296875,124.57856750488281,0.6881372928619385,0
681.26220703125,2,7,5,161.7404327392578,1592.1998291015625,132.60223388671875,90.61869049072266,620.477294921875,90.61869049072266,0.7542268633842468,0
932.0153198242188,2,11,9,-368.6981201171875,1710.973388671875,213.26046752929688,152.5026397705078,213.26046752929688,199.50830078125,1.2404178380966187,0
721.3558349609375,2,7,5,167.99185180664062,2362.395263671875,257.037109375,94.69319152832031,657.7958374023438,473.71551513671875,1.5860776901245117,0
520.3679809570312,3,6,3,-1267.7562255859375,2597.387939453125,153.98789978027344,92.5838623046875,153.98789978027344,92.5838623046875,3.1952404975891113,0
452.35205078125,2,10,8,-214.59046936035156,1536.8619384765625,134.40774536132812,90.62279510498047,319.1402282714844,149.70460510253906,0.520664393901825,0
405.63079833984375,2,6,4,-137.91993713378906,1477.3687744140625,141.76046752929688,71.49234008789062,368.92120361328125,305.1204528808594,0.6444840431213379,0
430.88134765625,2,7,5,-2743.287841796875,2862.395263671875,336.9993591308594,369.5052490234375,336.9993591308594,369.5052490234375,0.5184438824653625,0
490.4122314453125,2,7,5,-582.4091186523438,1033.594482421875,78.4850082397461,78.07648468017578,195.84947204589844,78.4850082397461,0.7466314435005188,0
437.3576965332031,2,6,4,-73.94107818603516,821.865966796875,115.20928955078125,100.47718811035156,288.0282287597656,0.0,0.6494216322898865,0
537.0182495117188,3,9,6,165.39808654785156,937.5136108398438,177.51708984375,131.011474609375,177.51708984375,131.011474609375,0.7185090184211731,0
437.35479736328125,2,6,4,97.11727905273438,1488.0301513671875,205.69554138183594,79.70272827148438,366.2875671386719,116.96692657470703,0.5018488168716431,0
432.25384521484375,2,8,6,-107.3053970336914,1631.034423828125,271.2672424316406,72.32595825195312,271.2672424316406,227.68963623046875,0.4997624456882477,0
551.3221435546875,2,7,5,165.88783264160156,1319.7484130859375,120.8316879272461,93.93762969970703,190.66815185546875,201.09799194335938,0.593395471572876,0
977.9214477539062,2,8,6,-764.423583984375,2134.1298828125,328.7533874511719,75.15338134765625,328.7533874511719,75.15338134765625,2.556699752807617,0
688.1395874023438,2,6,4,171.88526916503906,1340.002197265625,81.0361099243164,107.05049896240234,281.43853759765625,107.05049896240234,0.48228582739830017,0
743.631103515625,3,10,7,-447.12823486328125,1508.2564697265625,166.35853576660156,123.49415588378906,244.98814392089844,123.49415588378906,0.9138460159301758,0
430.3128662109375,2,5,3,-361.27862548828125,1485.93994140625,182.97494506835938,121.42333984375,182.97494506835938,245.0215606689453,0.6543563604354858,0
614.6672973632812,2,6,4,-99.59880065917969,1150.8748779296875,207.5615234375,82.4342041015625,207.5615234375,82.4342041015625,1.2801001071929932,0
546.0686645507812,3,7,4,-139.02369689941406,1370.6856689453125,144.14808654785156,129.324462890625,176.33140563964844,144.14808654785156,0.553320050239563,0
412.12176513671875,2,10,8,171.74681091308594,2152.5693359375,247.884521484375,165.95632934570312,459.6971435546875,384.3037414550781,0.7534022331237793,0
1129.5263671875,2,6,4,145.86618041992188,1335.2330322265625,205.7805938720703,88.58702087402344,426.60272216796875,88.58702087402344,0.7894474864006042,0
509.7554016113281,2,5,3,-244.12808227539062,1577.0567626953125,164.10279846191406,107.8371353149414,164.10279846191406,107.8371353149414,0.4930204451084137,0
444.2850646972656,2,5,3,-135.16754150390625,1865.41064453125,162.0075225830078,104.9162368774414,162.0075225830078,104.9162368774414,0.5111716985702515,0
447.6429138183594,2,8,6,159.36135864257812,1338.0556640625,93.64671325683594,124.51009368896484,160.8350830078125,124.51009368896484,0.577905535697937,0
436.9302978515625,3,8,5,166.86709594726562,2140.48486328125,313.206787109375,132.57992553710938,313.206787109375,132.57992553710938,0.5496565699577332,0
498.6213073730469,2,9,7,-417.7575988769531,3527.4912109375,249.94012451171875,91.15040588378906,249.94012451171875,91.15040588378906,2.4065356254577637,0
565.5895385742188,2,5,3,115.77198791503906,1299.4061279296875,99.94812774658203,80.1859130859375,304.9292297363281,80.1859130859375,0.5024716854095459,0
412.8027648925781,2,6,4,147.40838623046875,2264.277099609375,66.03258514404297,216.88519287109375,291.1283874511719,216.88519287109375,1.9308079481124878,0
459.6929931640625,2,7,5,-421.1640930175781,2044.3890380859375,200.15029907226562,186.97470092773438,346.63433837890625,186.97470092773438,3.681401252746582,0
661.0609130859375,2,5,3,125.8495101928711,1228.294677734375,210.59617614746094,122.94827270507812,210.59617614746094,122.94827270507812,0.7254641056060791,0
549.864501953125,2,9,7,-455.9090881347656,1466.3192138671875,72.40377044677734,100.41893768310547,175.43707275390625,158.78416442871094,0.7505801916122437,0
417.4200744628906,2,11,9,-587.7866821289062,1789.1689453125,195.71478271484375,146.0929412841797,372.7212829589844,146.0929412841797,1.3053418397903442,0
648.6259765625,2,7,5,130.05372619628906,2544.339111328125,169.39231872558594,174.45289611816406,725.782958984375,174.45289611816406,1.644683599472046,0
442.7528991699219,2,7,5,-58.30447769165039,1078.808349609375,192.76837158203125,107.05599975585938,192.76837158203125,107.05599975585938,0.6958280801773071,0
575.2337036132812,2,11,9,151.2133331298828,2330.800048828125,199.2961883544922,107.61710357666016,311.1280212402344,247.0857696533203,1.2751365900039673,0
510.71337890625,2,6,4,-154.10263061523438,1523.8277587890625,160.70101928710938,86.94487762451172,160.70101928710938,86.94487762451172,0.4209585189819336,0
460.1575622558594,2,6,4,-384.01849365234375,1880.1937255859375,291.6259765625,71.65300750732422,496.6716613769531,71.65300750732422,0.8303240537643433,0
486.8283996582031,2,6,4,172.92611694335938,1045.1981201171875,160.54173278808594,79.46965026855469,160.54173278808594,144.9198760986328,0.768222451210022,0
593.6875610351562,2,8,6,-223.25289916992188,1201.3009033203125,130.61859130859375,156.5861053466797,247.91334533691406,156.5861053466797,1.2083137035369873,0
526.5281372070312,2,8,6,-325.04473876953125,1296.8897705078125,64.60527038574219,120.33016204833984,218.84323120117188,120.33016204833984,0.743930995464325,0
744.2896118164062,2,6,4,141.08905029296875,1670.5968017578125,315.7821350097656,90.34735107421875,315.7821350097656,90.34735107421875,1.0468213558197021,0
486.9344482421875,2,9,7,172.72543334960938,1712.1717529296875,86.45220947265625,74.18018341064453,380.1639709472656,74.18018341064453,0.561574399471283,0
432.1289978027344,2,9,7,-581.6583862304688,1561.5269775390625,100.26927947998047,61.185157775878906,267.9353332519531,61.185157775878906,0.44779089093208313,0
512.7379760742188,2,6,4,-251.5704345703125,1238.692626953125,231.5582733154297,84.88426208496094,231.5582733154297,84.88426208496094,0.8010094165802002,0
402.7939147949219,2,8,6,85.34993743896484,1555.0882568359375,131.73741149902344,62.46888732910156,440.5623474121094,90.7686538696289,0.46220099925994873,0
719.2493286132812,2,8,6,-347.7146911621094,1329.609130859375,148.1705322265625,166.95953369140625,533.895263671875,34.00497817993164,0.8161660432815552,0
577.1658935546875,2,7,5,165.03953552246094,1718.151611328125,172.9226531982422,70.68798065185547,172.9226531982422,219.9166259765625,0.45922553539276123,0
716.4837036132812,2,9,7,173.20997619628906,1518.8489990234375,194.13648986816406,106.60244750976562,254.58636474609375,106.60244750976562,0.6386876702308655,0
1155.257080078125,3,6,3,-234.3430938720703,1537.054443359375,116.10234069824219,69.3197250366211,397.5628356933594,69.3197250366211,3.9516234397888184,0
408.90478515625,2,12,10,-289.1672668457031,1304.831298828125,150.95089721679688,65.18338775634766,150.95089721679688,130.8231658935547,3.0876624584198,0
435.69091796875,2,7,5,-297.51202392578125,1337.692138671875,163.29794311523438,68.68304443359375,223.61180114746094,68.68304443359375,0.4971821904182434,0
407.2784423828125,2,9,7,-155.92605590820312,1290.5067138671875,168.61837768554688,63.70492172241211,294.7560729980469,63.70492172241211,0.6064981818199158,0
471.79376220703125,2,6,4,-357.00384521484375,1157.2095947265625,161.97198486328125,66.18306732177734,241.9544677734375,66.18306732177734,0.7556991577148438,0
434.256103515625,2,6,4,173.12493896484375,990.2059936523438,145.37747192382812,68.77237701416016,145.37747192382812,68.77237701416016,0.635137677192688,0
626.2921142578125,2,6,4,97.60273742675781,1074.9139404296875,206.45181274414062,63.776771545410156,206.45181274414062,63.776771545410156,0.7833362817764282,0
611.09765625,2,7,5,-129.8551483154297,987.9481811523438,233.49354553222656,109.92843627929688,314.3857116699219,29.660226821899414,0.6999779939651489,0
403.8462219238281,2,4,2,162.39443969726562,1401.0601806640625,174.43173217773438,76.9205093383789,264.0560607910156,76.9205093383789,0.682259738445282,0
564.0723266601562,2,5,3,170.71551513671875,1094.2886962890625,173.1645965576172,70.08956146240234,173.1645965576172,70.08956146240234,2.458261728286743,0
1060.58154296875,3,13,10,-336.3681945800781,1786.29833984375,392.482421875,108.50796508789062,392.482421875,139.1773681640625,0.4683045744895935,0
411.8334655761719,2,6,4,-1001.9620971679688,1240.68212890625,70.81146240234375,65.42188262939453,369.3160705566406,65.42188262939453,0.46630117297172546,0
775.3215942382812,2,5,3,-254.5442352294922,1089.4451904296875,98.06654357910156,81.85322570800781,447.3868103027344,0.0,0.5247252583503723,0
421.253173828125,2,6,4,172.68515014648438,1249.6790771484375,199.44651794433594,100.47347259521484,199.44651794433594,100.47347259521484,0.548568844795227,0
400.911865234375,2,8,6,172.43243408203125,1130.3699951171875,132.1732635498047,116.05084228515625,132.1732635498047,116.05084228515625,0.6311473846435547,0
718.3907470703125,2,5,3,172.86001586914062,1124.9515380859375,213.65614318847656,98.15660095214844,489.7666320800781,0.0,0.7903934717178345,0
604.127685546875,2,5,3,44.303565979003906,776.0936279296875,62.100589752197266,77.0135726928711,200.98715209960938,62.100589752197266,1.4356746673583984,0
765.1712036132812,2,8,6,-358.5461730957031,1627.1612548828125,209.85557556152344,89.65220642089844,209.85557556152344,89.65220642089844,0.6451322436332703,0
609.184326171875,2,6,4,154.63885498046875,2623.33349609375,378.728515625,68.51627349853516,378.728515625,68.51627349853516,2.899226427078247,0
443.3626708984375,3,5,2,-572.387451171875,1638.9359130859375,135.88314819335938,134.23953247070312,135.88314819335938,134.23953247070312,2.907367467880249,0
640.7725830078125,3,8,5,172.73056030273438,1609.65380859375,402.5531311035156,103.87924194335938,402.5531311035156,103.87924194335938,1.0502104759216309,0
867.1118774414062,2,6,4,105.25794982910156,1526.325927734375,258.8925476074219,114.72742462158203,258.8925476074219,114.72742462158203,1.0039528608322144,0
450.14935302734375,2,7,5,-81.10177612304688,1841.20849609375,91.94035339355469,140.2613525390625,281.5274658203125,331.7696838378906,3.443709135055542,0
489.7501525878906,2,7,5,-45.13798141479492,2281.84326171875,343.42413330078125,146.6613006591797,578.9493408203125,146.6613006591797,2.130481004714966,0
401.00103759765625,2,5,3,-217.1470184326172,1475.5048828125,196.73745727539062,170.85580444335938,196.73745727539062,170.85580444335938,0.7399567365646362,0
612.3673095703125,2,9,7,-253.8146209716797,2310.375244140625,238.648681640625,291.4947509765625,238.648681640625,468.1279296875,1.4794806241989136,0
426.98675537109375,2,7,5,-221.75955200195312,1454.6905517578125,210.26661682128906,107.15807342529297,303.2243957519531,107.15807342529297,0.670050859451294,0
471.2177429199219,2,7,5,-850.4404296875,1277.0325927734375,171.17578125,97.47980499267578,465.38836669921875,143.2591552734375,3.178384780883789,0
488.7967834472656,2,7,5,-417.0737609863281,2031.2000732421875,351.7390441894531,110.82300567626953,351.7390441894531,110.82300567626953,0.42978882789611816,0
546.6597290039062,2,5,3,-123.45270538330078,1315.5748291015625,129.27847290039062,91.40018463134766,402.2630310058594,91.40018463134766,1.4042922258377075,0
516.3178100585938,2,7,5,165.20140075683594,1552.882080078125,153.9580841064453,106.87406921386719,263.5124816894531,106.87406921386719,0.9877577424049377,0
515.2001342773438,2,4,2,149.2223663330078,1566.00927734375,178.7082977294922,63.601287841796875,178.7082977294922,301.1302795410156,2.6043789386749268,0
413.71392822265625,2,8,6,-374.789794921875,2011.3076171875,311.386962890625,92.82784271240234,311.386962890625,257.6971435546875,3.5824122428894043,0
935.828125,3,8,5,-163.09213256835938,2222.838134765625,110.9656753540039,211.8353729248047,301.5614318847656,384.01422119140625,0.9330864548683167,0
528.4012451171875,2,7,5,-280.9309387207031,1273.1324462890625,207.30224609375,79.60504913330078,207.30224609375,167.79833984375,2.3689796924591064,0
492.111083984375,3,7,4,-223.2470703125,1431.2354736328125,162.62655639648438,122.46768951416016,267.6871032714844,122.46768951416016,0.43035751581192017,0
509.0805969238281,2,6,4,-250.6581573486328,1696.7864990234375,149.42977905273438,82.98622131347656,149.42977905273438,188.5916290283203,0.48814764618873596,0
689.6974487304688,2,5,3,170.2875213623047,2611.123779296875,241.7186279296875,228.2494354248047,241.7186279296875,228.2494354248047,0.4435247778892517,0
420.010986328125,2,8,6,154.32627868652344,2498.023681640625,302.96307373046875,72.99652099609375,302.96307373046875,375.2154235839844,2.4093708992004395,0
417.739501953125,2,7,5,-941.7138061523438,1835.2032470703125,179.38841247558594,88.67388916015625,179.38841247558594,88.67388916015625,1.7541797161102295,0
628.4956665039062,2,11,9,-821.57958984375,2005.534423828125,75.0680160522461,96.78315734863281,143.5735321044922,222.27537536621094,1.709924578666687,0
470.37152099609375,2,8,6,77.37212371826172,1688.4136962890625,92.01675415039062,79.75641632080078,270.86444091796875,218.3212432861328,1.9852821826934814,0
459.0396423339844,2,6,4,-492.1454162597656,2145.9658203125,161.1907958984375,110.68303680419922,161.1907958984375,110.68303680419922,0.9747181534767151,0
559.6159057617188,2,7,5,-585.5880737304688,1606.873046875,258.132568359375,74.46988677978516,258.132568359375,74.46988677978516,1.5808162689208984,0
694.4660034179688,2,6,4,-168.02513122558594,1609.3623046875,149.92410278320312,172.99822998046875,602.1558837890625,19.13532066345215,1.750231385231018,0
465.2637023925781,2,5,3,-1273.2423095703125,2217.956298828125,280.5305480957031,62.340755462646484,280.5305480957031,62.340755462646484,2.9605722427368164,0
502.8089294433594,2,6,4,-595.1139526367188,1448.13916015625,183.48574829101562,89.62560272216797,183.48574829101562,89.62560272216797,0.4930907189846039,0
483.6506042480469,2,7,5,-927.2329711914062,4385.16552734375,210.97357177734375,449.3127136230469,210.97357177734375,449.3127136230469,1.467395305633545,0
408.7154541015625,2,10,8,-475.0633544921875,2494.2041015625,216.2825927734375,120.47587585449219,216.2825927734375,338.32147216796875,1.7718199491500854,0
458.12518310546875,2,12,10,154.5546417236328,1854.583740234375,80.64022064208984,75.92642211914062,405.0283508300781,155.79617309570312,0.8291345238685608,0
438.84649658203125,2,10,8,-77.8567123413086,2499.837158203125,171.5642852783203,81.19852447509766,358.2688293457031,175.22572326660156,0.47740083932876587,0
412.8789978027344,2,6,4,155.3961639404297,1392.3265380859375,219.48162841796875,87.1156005859375,219.48162841796875,87.1156005859375,2.4548275470733643,0
443.2397155761719,2,6,4,99.76535034179688,1969.1085205078125,289.14202880859375,72.18562316894531,289.14202880859375,72.18562316894531,0.49221277236938477,0
533.670654296875,2,6,4,159.38973999023438,1973.771484375,154.5287628173828,97.9501953125,541.6652221679688,97.9501953125,0.5321390628814697,0
750.3630981445312,2,6,4,-181.40806579589844,1454.2911376953125,201.7792205810547,112.83001708984375,640.0216674804688,2.0501549243927,0.4400131404399872,0
485.77947998046875,2,4,2,-186.69039916992188,1378.9935302734375,144.56687927246094,144.86349487304688,144.56687927246094,144.86349487304688,0.6537695527076721,0
866.843017578125,2,10,8,-42.599884033203125,1976.320556640625,168.1941375732422,88.0374526977539,556.33056640625,188.3275146484375,1.9038983583450317,0
571.5707397460938,2,6,4,164.74522399902344,2584.986572265625,336.9480895996094,97.89615631103516,336.9480895996094,97.89615631103516,0.5064722895622253,0
531.9712524414062,3,4,1,167.78167724609375,1710.6092529296875,60.096153259277344,66.2571792602539,522.38818359375,66.2571792602539,1.1678526401519775,0
431.1549377441406,2,6,4,139.41851806640625,1587.2142333984375,200.94180297851562,168.401611328125,200.94180297851562,168.401611328125,0.4914405345916748,0
514.6596069335938,2,6,4,-65.82494354248047,1240.1279296875,136.9215087890625,100.43893432617188,136.9215087890625,100.43893432617188,1.3230583667755127,0
432.9760437011719,2,6,4,172.80355834960938,1840.95947265625,123.89649200439453,97.51079559326172,123.89649200439453,97.51079559326172,0.5988354682922363,0
1007.2037963867188,2,4,2,164.34498596191406,1252.4654541015625,118.05301666259766,68.83426666259766,460.13134765625,0.0,0.8378420472145081,0
518.1614379882812,2,7,5,158.80050659179688,1403.4833984375,65.03231048583984,74.11384582519531,294.9875183105469,74.11384582519531,1.5185465812683105,0
453.4620361328125,3,9,6,85.60252380371094,1360.235107421875,244.84945678710938,69.27354431152344,420.1170654296875,69.27354431152344,0.598897397518158,0
467.2989196777344,2,6,4,130.21426391601562,1657.4005126953125,363.3449401855469,145.44349670410156,363.3449401855469,145.44349670410156,0.6314933896064758,0
613.7383422851562,2,6,4,149.68280029296875,1393.90185546875,123.86597442626953,65.77609252929688,314.95208740234375,141.26583862304688,0.5714033246040344,0
624.5302124023438,2,6,4,-269.0299987792969,2172.845947265625,323.4498596191406,74.82382202148438,323.4498596191406,74.82382202148438,3.1731600761413574,0
475.82684326171875,2,9,7,135.3426055908203,1321.9056396484375,97.84166717529297,60.79423904418945,366.845947265625,60.79423904418945,0.4769827425479889,0
1408.934326171875,2,7,5,-173.5748748779297,1919.53125,383.386962890625,87.94420623779297,788.3038940429688,1.27251136302948,0.5646340250968933,0
465.6731262207031,2,7,5,-481.2893981933594,1566.1805419921875,334.41241455078125,136.15615844726562,334.41241455078125,136.15615844726562,0.5833220481872559,0
724.2342529296875,2,9,7,-371.43414306640625,1529.4586181640625,142.6647186279297,82.40389251708984,398.9676513671875,52.73213195800781,0.9450594782829285,0
401.54705810546875,2,5,3,-693.1218872070312,1564.2779541015625,189.7483367919922,92.42948913574219,189.7483367919922,92.42948913574219,0.9103347063064575,0
628.0941772460938,2,8,6,-648.0328979492188,1598.3885498046875,276.2865905761719,107.23814392089844,276.2865905761719,174.1891632080078,2.342600107192993,0
439.65130615234375,2,5,3,-1016.5220336914062,2177.581787109375,118.81562042236328,152.77767944335938,227.05615234375,152.77767944335938,0.49034643173217773,0
749.9375610351562,2,6,4,-539.72265625,1803.3944091796875,287.786376953125,137.05853271484375,287.786376953125,137.05853271484375,2.6410653591156006,0
1212.8966064453125,2,5,3,-143.877197265625,2164.008544921875,60.60247039794922,201.53529357910156,475.6915588378906,187.23348999023438,3.2815101146698,0
466.5899353027344,2,9,7,159.69537353515625,1419.1644287109375,123.89802551269531,90.53929138183594,123.89802551269531,90.53929138183594,1.6176491975784302,0
466.2469482421875,2,6,4,-1290.48828125,1543.9039306640625,245.7399139404297,97.00630187988281,245.7399139404297,97.00630187988281,0.7339107990264893,0
691.6122436523438,3,5,2,158.89883422851562,1314.8721923828125,139.02391052246094,169.748046875,139.02391052246094,169.748046875,0.405666708946228,0
639.0685424804688,2,8,6,168.81912231445312,2226.80078125,166.53941345214844,228.9136199951172,166.53941345214844,228.9136199951172,2.146489143371582,0
483.6786804199219,2,7,5,-158.27099609375,1130.3438720703125,61.5053825378418,76.48267364501953,261.14984130859375,61.5053825378418,0.5089293718338013,0
585.4034423828125,2,6,4,172.6194305419922,2268.319091796875,213.29148864746094,86.13423156738281,618.4188842773438,86.13423156738281,2.014925479888916,0
559.6244506835938,2,5,3,-143.8942413330078,1890.17041015625,144.2792205810547,108.23004150390625,475.6081848144531,108.23004150390625,0.548438310623169,0
447.12628173828125,2,8,6,166.81138610839844,1434.304931640625,214.70977783203125,76.92147064208984,264.4684753417969,76.92147064208984,1.03206205368042,0
538.3525390625,2,5,3,-995.7680053710938,1450.69189453125,136.33511352539062,185.3540802001953,302.1153259277344,136.33511352539062,0.46699512004852295,0
506.2709655761719,2,7,5,-887.1505126953125,1432.99267578125,121.10519409179688,66.3102798461914,121.10519409179688,66.3102798461914,2.289257287979126,0
465.3922424316406,2,6,4,169.4551544189453,1877.7825927734375,269.7571716308594,63.24995422363281,349.04241943359375,63.24995422363281,0.5851427316665649,0
792.8829345703125,2,7,5,167.6929931640625,1711.420654296875,66.0499038696289,87.47103118896484,428.36212158203125,0.0,3.1112260818481445,0
431.9720153808594,2,5,3,-173.8258514404297,1042.4835205078125,175.04672241210938,72.87759399414062,175.04672241210938,72.87759399414062,0.6979174017906189,0
649.885009765625,2,7,5,-427.8827819824219,1381.0284423828125,202.78689575195312,74.95558166503906,202.78689575195312,74.95558166503906,0.5737591981887817,0
594.3663330078125,2,7,5,-226.63185119628906,1463.5120849609375,197.99717712402344,65.87673950195312,364.2928161621094,65.87673950195312,1.3765469789505005,0
556.7242431640625,2,6,4,131.7566375732422,1973.2266845703125,251.0800018310547,166.60723876953125,251.0800018310547,166.60723876953125,0.5384997129440308,0
486.7740173339844,2,5,3,155.62716674804688,1389.130126953125,150.38812255859375,64.09002685546875,150.38812255859375,64.09002685546875,0.6826412081718445,0
527.6754150390625,2,8,6,-718.025146484375,1976.34228515625,400.986083984375,161.22967529296875,581.2861938476562,161.22967529296875,0.5438504219055176,0
424.6620178222656,2,10,8,-246.5562286376953,1228.2357177734375,123.24357604980469,80.61373901367188,387.2790832519531,0.0,0.5569702982902527,0
492.86859130859375,2,5,3,171.30323791503906,1841.319580078125,200.20968627929688,98.78257751464844,200.20968627929688,98.78257751464844,0.6115052700042725,0
700.7362670898438,2,7,5,-287.23345947265625,1516.8131103515625,216.48580932617188,123.12029266357422,343.1834411621094,123.12029266357422,0.6262192130088806,0
408.4339904785156,2,8,6,-582.9298095703125,2734.840087890625,141.02183532714844,330.7129821777344,740.6930541992188,141.02183532714844,3.2840538024902344,0
633.7261962890625,2,7,5,-84.6536865234375,1417.30517578125,122.64066314697266,133.5935821533203,499.14892578125,10.615694046020508,0.5701773166656494,0
802.5947265625,2,10,8,-1804.9744873046875,2562.81103515625,81.01302337646484,123.28543090820312,380.3510437011719,214.52862548828125,0.740437388420105,0
747.4824829101562,3,6,3,115.1294937133789,1522.4248046875,225.90980529785156,60.57236099243164,225.90980529785156,60.57236099243164,2.6443841457366943,0
419.5475158691406,2,8,6,-282.3056640625,1162.43115234375,83.72917175292969,104.66748809814453,159.58303833007812,104.66748809814453,1.2037714719772339,0
564.7005004882812,2,8,6,-452.4128723144531,1460.3719482421875,138.38107299804688,97.289306640625,138.38107299804688,97.289306640625,1.6342579126358032,0
621.4400634765625,2,11,9,157.87417602539062,2548.209228515625,266.1715087890625,203.48162841796875,517.41455078125,266.1715087890625,1.0723888874053955,0
410.32635498046875,2,7,5,32.599876403808594,1657.1513671875,290.1722106933594,104.07470703125,358.20556640625,104.07470703125,0.7446444034576416,0
497.0643615722656,2,6,4,160.44566345214844,1761.6651611328125,154.60043334960938,70.06128692626953,154.60043334960938,70.06128692626953,1.3650251626968384,0
450.5079345703125,2,5,3,-686.9763793945312,1198.913330078125,107.61930847167969,96.57179260253906,210.67189025878906,48.66777420043945,2.160303831100464,0
684.2827758789062,2,8,6,-278.3370666503906,1629.6414794921875,205.2535400390625,65.17587280273438,205.2535400390625,65.17587280273438,4.003530979156494,0
781.45556640625,2,7,5,141.861572265625,2238.71533203125,257.8103942871094,61.911827087402344,395.0871887207031,61.911827087402344,0.6027855277061462,0
576.2633056640625,2,5,3,103.41067504882812,1208.0736083984375,242.07701110839844,64.92716217041016,242.07701110839844,64.92716217041016,0.4808809459209442,0
573.1394653320312,2,8,6,37.090240478515625,2199.58056640625,119.8385009765625,138.9372100830078,350.60467529296875,138.9372100830078,0.5877838134765625,0
503.2891540527344,2,8,6,138.78956604003906,1930.28369140625,231.1234588623047,144.4212646484375,231.1234588623047,378.15997314453125,2.456204652786255,0
497.7322998046875,2,6,4,-283.391357421875,2845.434814453125,397.870849609375,179.4115753173828,791.384033203125,179.4115753173828,0.5160073041915894,0
603.3419189453125,2,6,4,63.07512664794922,1173.2567138671875,158.17892456054688,78.41101837158203,158.17892456054688,78.41101837158203,0.6802549958229065,0
440.0535583496094,2,4,2,-813.37939453125,1343.9532470703125,195.7239532470703,152.14256286621094,195.7239532470703,152.14256286621094,0.49831655621528625,0
735.9263305664062,2,7,5,172.16978454589844,1209.11669921875,156.00953674316406,71.4446792602539,156.00953674316406,125.88243865966797,0.5378584861755371,0
820.8076171875,2,7,5,173.12429809570312,2765.07373046875,283.9820556640625,139.65176391601562,912.073486328125,108.73027801513672,1.180777907371521,0
587.0338745117188,2,5,3,-344.1029968261719,1728.2989501953125,189.76467895507812,170.2095184326172,189.76467895507812,170.2095184326172,1.4973258972167969,0
906.55419921875,2,8,6,-470.4559631347656,1321.18017578125,215.08404541015625,99.8700942993164,371.25872802734375,164.45054626464844,1.151583194732666,0
454.2392578125,2,7,5,-536.8936767578125,1341.8466796875,151.22482299804688,127.57247924804688,412.6857604980469,127.57247924804688,0.4791998565196991,0
448.7591857910156,2,7,5,-585.544677734375,2059.961181640625,113.54147338867188,236.43408203125,381.6972351074219,113.54147338867188,1.212374210357666,0
979.0673828125,2,4,2,115.47007751464844,1415.0283203125,171.7890167236328,75.4610595703125,171.7890167236328,75.4610595703125,0.4994294345378876,0
493.8951110839844,2,7,5,-791.5254516601562,2318.806884765625,214.6981964111328,158.26593017578125,214.6981964111328,158.26593017578125,0.6033324003219604,0
548.8187255859375,2,8,6,-578.1372680664062,1852.51611328125,187.92787170410156,133.7519073486328,262.192626953125,187.92787170410156,1.1657090187072754,0
552.455322265625,2,8,6,-105.94157409667969,1489.305908203125,122.35436248779297,129.25653076171875,122.35436248779297,129.25653076171875,2.7750344276428223,0
414.8775634765625,2,11,9,169.31285095214844,1845.796875,186.4714813232422,77.15673828125,369.7668151855469,77.15673828125,1.1667653322219849,0
815.7664184570312,2,5,3,-141.78604125976562,1996.943603515625,275.4196472167969,201.41094970703125,275.4196472167969,201.41094970703125,0.5429086089134216,0
894.0457153320312,2,6,4,-625.019287109375,1284.2943115234375,216.23538208007812,127.43734741210938,216.23538208007812,127.43734741210938,0.7850146889686584,0
431.3875427246094,2,7,5,-781.7328491210938,1155.8004150390625,156.11932373046875,104.9464111328125,357.0139465332031,225.0050506591797,0.595940887928009,0
526.8768920898438,3,7,4,15.060772895812988,2482.30908203125,189.79855346679688,283.0820617675781,189.79855346679688,283.0820617675781,0.4470252990722656,0
438.1156005859375,2,7,5,-339.7138671875,1340.5013427734375,92.18526458740234,143.44793701171875,410.1590270996094,143.44793701171875,0.7084394097328186,0
679.672119140625,2,9,7,-194.78216552734375,2237.1591796875,128.4751434326172,67.99098205566406,542.0504760742188,67.99098205566406,0.9032943844795227,0
512.6719970703125,2,11,9,-481.5221252441406,1517.739990234375,169.96803283691406,171.74346923828125,169.96803283691406,226.751220703125,0.4624491035938263,0
530.4226684570312,2,7,5,162.85494995117188,1655.1109619140625,203.76731872558594,122.038818359375,203.76731872558594,206.47657775878906,0.8869609832763672,0
552.1427612304688,2,8,6,-403.2052001953125,4522.32080078125,100.28936004638672,114.486083984375,1006.720703125,545.4132080078125,2.5997731685638428,0
624.6829223632812,2,7,5,127.91261291503906,1879.9444580078125,102.79830169677734,144.33668518066406,248.8506317138672,144.33668518066406,0.5198444128036499,0
444.7638854980469,2,7,5,-61.035221099853516,2008.6842041015625,201.84889221191406,70.2616195678711,375.62841796875,324.8330383300781,0.8362705707550049,0
525.8301391601562,2,9,7,172.06497192382812,2120.09228515625,194.33360290527344,268.6201477050781,194.33360290527344,328.67767333984375,0.4934473931789398,0
662.5933837890625,2,7,5,-89.08061981201172,1305.0731201171875,123.98418426513672,72.6399917602539,292.2613525390625,72.6399917602539,0.698714554309845,0
525.4938354492188,3,9,6,-390.0179138183594,1286.854248046875,103.94927978515625,70.6958236694336,505.38348388671875,70.6958236694336,1.4964536428451538,0
973.0684814453125,2,7,5,-328.5997314453125,2219.53759765625,169.48785400390625,122.02803039550781,169.48785400390625,122.02803039550781,0.6043888926506042,0
443.8534851074219,2,10,8,172.76145935058594,1692.733154296875,234.7615509033203,81.78620910644531,234.7615509033203,81.78620910644531,1.5135791301727295,0
602.3763427734375,2,7,5,-116.98970794677734,1603.28125,209.95497131347656,87.28898620605469,209.95497131347656,87.28898620605469,0.659989595413208,0
444.5240783691406,2,6,4,-725.5140380859375,1347.2398681640625,241.56175231933594,129.10487365722656,378.286865234375,129.10487365722656,1.7887321710586548,0
498.7337341308594,2,8,6,-284.6916809082031,1721.032470703125,131.02468872070312,166.03988647460938,131.02468872070312,166.03988647460938,1.793205976486206,0
540.154541015625,2,6,4,64.97442626953125,1463.8375244140625,124.49772644042969,124.51707458496094,181.5434112548828,124.51707458496094,0.44635388255119324,0
466.5924377441406,2,7,5,-514.9965209960938,2203.364990234375,311.91009521484375,112.57698822021484,311.91009521484375,112.57698822021484,0.45425933599472046,0
570.637451171875,2,5,3,46.1701545715332,1536.20751953125,289.6366882324219,117.75787353515625,289.6366882324219,117.75787353515625,0.44558653235435486,0
544.8335571289062,2,9,7,-287.62579345703125,2016.13134765625,271.3957824707031,91.47633361816406,271.3957824707031,91.47633361816406,3.238652229309082,0
421.6430358886719,2,7,5,-139.2730255126953,3797.686767578125,125.59983825683594,291.322021484375,125.59983825683594,540.1199951171875,2.633176803588867,0
463.1018371582031,2,7,5,-206.22552490234375,1123.4320068359375,72.4839096069336,78.37042236328125,340.0041198730469,206.91848754882812,1.0295768976211548,0
442.97052001953125,2,11,9,-129.6251678466797,1950.075439453125,205.6800079345703,182.62208557128906,429.705322265625,231.53675842285156,2.81050705909729,0
606.8148193359375,3,11,8,170.24588012695312,1460.9923095703125,154.67947387695312,90.20548248291016,219.12973022460938,90.20548248291016,1.4278522729873657,0
432.7475891113281,2,8,6,-429.0049743652344,1622.9010009765625,238.58253479003906,112.64075469970703,238.58253479003906,262.39105224609375,0.9705390930175781,0
480.770263671875,2,11,9,-126.38068389892578,2972.48828125,74.7702865600586,235.72406005859375,423.0317077636719,235.72406005859375,2.449923276901245,0
831.9661865234375,2,7,5,123.9254150390625,3163.44482421875,378.2531433105469,73.73422241210938,739.1537475585938,73.73422241210938,1.4511168003082275,0
433.69219970703125,2,7,5,-2533.04833984375,1615.8673095703125,379.7079162597656,232.5675506591797,379.7079162597656,232.5675506591797,0.7174623608589172,0
427.3724365234375,2,6,4,-1347.83740234375,1437.3846435546875,153.36993408203125,60.79393005371094,205.86830139160156,60.79393005371094,0.7987159490585327,0
460.8492431640625,2,5,3,134.30242919921875,1713.48388671875,90.95625305175781,146.44046020507812,453.3876953125,146.44046020507812,2.8739912509918213,0
525.0715942382812,2,9,7,-290.5270690917969,1918.6595458984375,173.62887573242188,97.94729614257812,457.16241455078125,97.94729614257812,0.5389146208763123,0
847.9116821289062,2,6,4,-524.7197875976562,1323.034423828125,76.91344451904297,106.76856994628906,642.939453125,0.0,1.2019087076187134,0
402.86419677734375,2,6,4,168.55490112304688,1247.9124755859375,190.77401733398438,88.7523193359375,190.77401733398438,88.7523193359375,0.7266247272491455,0
569.0684814453125,2,5,3,-313.3992614746094,2793.6123046875,250.89859008789062,63.22925567626953,250.89859008789062,63.22925567626953,1.9376311302185059,0
420.8468322753906,2,6,4,-266.1797790527344,1377.3726806640625,93.36064147949219,85.40023803710938,258.299560546875,85.40023803710938,0.3901222050189972,0
402.87091064453125,2,9,7,-100.05021667480469,1375.150146484375,161.1131591796875,174.70401000976562,349.8789367675781,174.70401000976562,0.4645201563835144,0
413.7406921386719,2,13,11,-324.0821838378906,2147.1611328125,200.27528381347656,108.37176513671875,200.27528381347656,177.4805145263672,2.5562710762023926,0
470.6073303222656,2,9,7,-170.64804077148438,1661.6085205078125,272.98779296875,92.10221862792969,272.98779296875,150.38803100585938,1.3332703113555908,0
448.3128662109375,2,5,3,172.90542602539062,1601.9969482421875,426.8982849121094,96.0464096069336,426.8982849121094,96.0464096069336,0.5740894079208374,0
589.7987670898438,2,8,6,114.30482482910156,1953.0635986328125,173.60281372070312,93.71614837646484,413.57861328125,93.71614837646484,1.2228070497512817,0
492.4403076171875,3,8,5,170.03765869140625,1447.54296875,74.09195709228516,90.154541015625,253.09483337402344,90.154541015625,3.3815371990203857,0
655.0606079101562,2,7,5,172.3225555419922,1703.5830078125,68.32095336914062,94.78672790527344,240.4443359375,94.78672790527344,3.018547773361206,0
511.5438537597656,3,8,5,170.3431396484375,1401.85205078125,81.71089172363281,133.64295959472656,202.51962280273438,81.71089172363281,0.6377854347229004,0
518.6043090820312,2,6,4,-241.072021484375,1708.303955078125,88.08206176757812,119.87521362304688,407.0179443359375,119.87521362304688,3.2928311824798584,0
701.6365966796875,2,6,4,123.1169662475586,1853.9532470703125,180.8416748046875,138.03248596191406,670.07763671875,138.03248596191406,0.609472930431366,0
473.233642578125,2,6,4,173.20999145507812,1204.5648193359375,103.60111236572266,75.3039779663086,159.75247192382812,75.3039779663086,0.4654865264892578,0
436.29620361328125,2,8,6,165.30238342285156,1361.8260498046875,173.9497833251953,90.3241958618164,386.04608154296875,90.3241958618164,0.7779502272605896,0
627.00244140625,2,11,9,-129.15313720703125,2245.419921875,97.11394500732422,73.81697082519531,603.8731079101562,34.35429382324219,1.0798614025115967,0
730.0507202148438,2,11,9,128.3367462158203,1698.5745849609375,126.52528381347656,84.66590118408203,318.2737731933594,156.49398803710938,1.6988822221755981,0
779.1771240234375,2,5,3,-1009.9510498046875,1216.83447265625,147.20033264160156,74.70364379882812,147.20033264160156,74.70364379882812,0.6492965221405029,0
609.6387939453125,2,5,3,-234.66873168945312,1088.899169921875,71.16328430175781,71.81238555908203,245.30967712402344,71.81238555908203,0.5671026110649109,0
449.4612121582031,2,7,5,-374.2447509765625,1353.21923828125,158.9789276123047,103.37920379638672,158.9789276123047,103.37920379638672,0.564767599105835,0
696.9708862304688,3,5,2,-241.97161865234375,2069.788330078125,237.53521728515625,157.61135864257812,237.53521728515625,157.61135864257812,2.9325196743011475,0
417.2190246582031,2,10,8,-75.26258850097656,1489.03662109375,98.25643920898438,130.83839416503906,471.6121520996094,143.02059936523438,0.6398729085922241,0
480.123291015625,2,5,3,-1963.3697509765625,1268.1890869140625,147.40283203125,65.23418426513672,147.40283203125,65.23418426513672,1.6140060424804688,0
552.2568359375,2,5,3,157.3820343017578,1784.2921142578125,247.76710510253906,127.0212631225586,247.76710510253906,127.0212631225586,1.4526337385177612,0
768.7631225585938,2,8,6,-157.95558166503906,1868.179443359375,219.17056274414062,205.58767700195312,219.17056274414062,205.58767700195312,1.5979808568954468,0
444.4859619140625,2,8,6,-600.7871704101562,1471.6639404296875,208.57948303222656,135.7626495361328,208.57948303222656,188.31797790527344,2.5568673610687256,0
411.76861572265625,2,7,5,160.00588989257812,1600.91162109375,348.5888366699219,96.90563201904297,348.5888366699219,166.93846130371094,1.6848969459533691,0
468.56219482421875,2,10,8,146.62535095214844,1939.3822021484375,162.93836975097656,107.62972259521484,264.6894226074219,64.95909118652344,0.7247492074966431,0
697.725830078125,2,11,9,-694.4305419921875,2311.049560546875,144.45545959472656,202.24412536621094,704.0582885742188,202.24412536621094,0.49647146463394165,0
405.2186279296875,2,7,5,89.69367980957031,1809.1497802734375,239.01947021484375,110.81583404541016,239.01947021484375,110.81583404541016,0.9069581627845764,0
1089.1435546875,2,5,3,-579.4807739257812,1931.8118896484375,74.93679809570312,78.60547637939453,417.6725158691406,78.60547637939453,0.9788926243782043,0
520.3737182617188,2,8,6,168.7975616455078,1888.4119873046875,140.32774353027344,68.76044464111328,376.7066955566406,68.76044464111328,0.4494553804397583,0
553.2145385742188,2,5,3,143.67218017578125,2889.37109375,207.08868408203125,209.57815551757812,207.08868408203125,209.57815551757812,0.6940666437149048,0
489.6763000488281,2,6,4,149.08444213867188,1682.137939453125,209.60546875,100.28227996826172,209.60546875,100.28227996826172,0.517034113407135,0
493.4201965332031,2,7,5,-467.2459411621094,1193.14208984375,124.66820526123047,110.8632583618164,205.7753448486328,124.66820526123047,0.7146803736686707,0
413.3307189941406,2,9,7,77.15617370605469,1340.4952392578125,143.6796875,140.22560119628906,143.6796875,218.65533447265625,1.0089261531829834,0
613.811279296875,2,8,6,137.7982940673828,1880.9449462890625,406.9647216796875,90.91645812988281,406.9647216796875,90.91645812988281,0.6329383850097656,0
831.1720581054688,2,4,2,-302.55572509765625,1814.9344482421875,123.52618408203125,110.60382843017578,123.52618408203125,110.60382843017578,2.3522090911865234,0
570.931396484375,2,6,4,-1842.859619140625,1444.0042724609375,106.44584655761719,107.0269546508789,561.3002319335938,106.22726440429688,0.6638818979263306,0
448.01910400390625,2,7,5,76.31441497802734,1332.6177978515625,205.49603271484375,66.79901123046875,205.49603271484375,66.79901123046875,0.5610249638557434,0
503.93841552734375,2,7,5,162.04676818847656,1293.0948486328125,171.66775512695312,129.83718872070312,171.66775512695312,129.83718872070312,1.5388141870498657,0
817.7326049804688,2,5,3,-411.51556396484375,1762.35498046875,217.8816680908203,72.1107177734375,217.8816680908203,72.1107177734375,0.5184237360954285,0
423.91680908203125,2,5,3,-264.008544921875,1418.23974609375,153.74888610839844,74.16786193847656,153.74888610839844,74.16786193847656,0.6190523505210876,0
459.3802490234375,2,7,5,-362.3411560058594,1171.3328857421875,183.2838592529297,88.2749252319336,183.2838592529297,88.2749252319336,0.6822821497917175,0
412.1145935058594,2,9,7,169.38934326171875,2151.8203125,187.24940490722656,167.96630859375,187.24940490722656,167.96630859375,0.6194840669631958,0
480.2528991699219,2,10,8,-81.27581024169922,1615.377685546875,145.86087036132812,79.1612548828125,359.2121276855469,145.86087036132812,3.0373308658599854,0
427.7874755859375,2,6,4,173.20840454101562,1295.7728271484375,196.65733337402344,115.86031341552734,196.65733337402344,115.86031341552734,0.5506312847137451,0
678.199951171875,2,8,6,-1245.3460693359375,1536.21728515625,68.78363037109375,69.66268920898438,332.63946533203125,218.8963165283203,1.3057588338851929,0
740.9981689453125,2,7,5,-1028.3040771484375,2039.0062255859375,149.5798797607422,202.99053955078125,246.16151428222656,202.99053955078125,0.7578232288360596,0
484.49188232421875,2,5,3,-1250.3583984375,2654.537841796875,487.15875244140625,64.520751953125,487.15875244140625,64.520751953125,0.7421156167984009,0
415.8991394042969,2,8,6,-49.74063491821289,1412.789306640625,235.21347045898438,69.49473571777344,319.5440368652344,69.49473571777344,0.7180383801460266,0
837.0894165039062,2,5,3,-464.03570556640625,1447.9324951171875,205.1049346923828,97.46183776855469,205.1049346923828,237.961669921875,0.8432116508483887,0
438.4735107421875,2,5,3,171.47996520996094,1835.8919677734375,264.2897644042969,75.52778625488281,264.2897644042969,356.17578125,0.7942268252372742,0
506.87103271484375,2,5,3,75.0195541381836,1414.1380615234375,67.6833724975586,78.24617767333984,253.2283477783203,78.24617767333984,1.1202853918075562,0
